0.0,2.0,0.8,50.0,0.0,0.0,0.0,31.249999999999996
0.0,2.0030001472368655,0.7999999953117943,49.999987994996715,0.0009999940846432903,4.999955079344317e-07,3.2076755533897742e-09,31.2481766796805
0.0,0.0,0.8,50.0,0.0,0.0,0.0,31.249999999999996
0.0,0.0030001441317776267,0.7999999937537746,49.99998487594456,0.0009999941195117557,4.999955340856907e-07,3.190241337365888e-09,31.24805795626013
0.1,2.0,0.8,50.0,0.0,0.0,0.0,31.249999999999996
0.1,2.0030001472368655,0.7999999953117943,49.999987994996715,0.0009999940846432903,4.999955079344317e-07,3.2076755533897742e-09,31.2481766796805
0.1,2.301729023272607,0.7983942479903562,49.93734663640861,0.10092899729757884,0.002564352968031062,0.00020814516141977877,29.14686813223616
0.1,0.0,0.8,50.0,0.0,0.0,0.0,31.249999999999996
0.1,0.0030001441317776267,0.7999999937537746,49.99998487594456,0.0009999941195117557,4.999955340856907e-07,3.190241337365888e-09,31.24805795626013
0.1,0.3006616708191951,0.7978670871169561,49.92126244269804,0.1009443714047455,0.002565286490878891,0.00020051476219240478,28.2032594271879
0.2,2.0,0.8,50.0,0.0,0.0,0.0,31.249999999999996
0.2,3.7319822097261217,1.4182631209402379,58.22944063578541,0.0009999940846432903,4.999955079344317e-07,3.2076755533897742e-09,31.2481766796805
0.2,2.301729023272607,0.7983942479903562,49.93734663640861,0.10092899729757884,0.002564352968031062,0.00020814516141977877,29.14686813223616
0.2,2.5903473022660193,0.7878161521721981,49.753200362262476,0.2005271715817758,0.009987976676224222,0.00158574130068743,24.92693513121114
0.2,0.0,0.8,50.0,0.0,0.0,0.0,31.249999999999996
0.2,2.7017545489078074,1.6332424277762212,60.18181100741509,0.0009999941195117557,4.999955340856907e-07,3.190241337365888e-09,31.24805795626013
0.2,0.3006616708191951,0.7978670871169561,49.92126244269804,0.1009443714047455,0.002565286490878891,0.00020051476219240478,28.2032594271879
0.2,0.5828958888768494,0.7839575019840235,49.694655848448605,0.2007502667437936,0.010014947517846777,0.0014775397781381346,23.137195227639328
0.3,2.0,0.8,50.0,0.0,0.0,0.0,31.249999999999996
0.3,2.1411971946345263,1.4224507256915637,58.503512489183414,0.0009999940846432903,4.999955079344317e-07,3.2076755533897742e-09,31.2481766796805
0.3,2.3095126324778086,0.7995937575274384,49.949477228660356,0.10092899729757884,0.002564352968031062,0.00020814516141977877,29.14686813223616
0.3,2.5903473022660193,0.7878161521721981,49.753200362262476,0.2005271715817758,0.009987976676224222,0.00158574130068743,24.92693513121114
0.3,2.859008542737762,0.7606769477823099,49.45096132555137,0.2995116499841765,0.021928068829093525,0.005234751086383599,20.805892319865464
0.3,0.0,0.8,50.0,0.0,0.0,0.0,31.249999999999996
0.3,1.143395793336279,1.640624946732517,60.54588481025906,0.0009999941195117557,4.999955340856907e-07,3.190241337365888e-09,31.24805795626013
0.3,0.30760991273875793,0.798849947118336,49.929856016316805,0.1009443714047455,0.002565286490878891,0.00020051476219240478,28.2032594271879
0.3,0.5828958888768494,0.7839575019840235,49.694655848448605,0.2007502667437936,0.010014947517846777,0.0014775397781381346,23.137195227639328
0.3,0.8387362423492561,0.7490176179018351,49.33928970099972,0.3001382714078521,0.022044174656030122,0.00494446832249015,19.18743316195069
0.4,2.0,0.8,50.0,0.0,0.0,0.0,31.249999999999996
0.4,0.5299101331059848,1.4056673382042453,58.47302970188303,0.0009999940846432903,4.999955079344317e-07,3.2076755533897742e-09,31.2481766796805
0.4,2.3155490503356275,0.8005021784212721,49.95805967866547,0.10092899729757884,0.002564352968031062,0.00020814516141977877,29.14686813223616
0.4,2.634580408564521,0.7993196015660645,49.791486372136326,0.2005271715817758,0.009987976676224222,0.00158574130068743,24.92693513121114
0.4,2.859008542737762,0.7606769477823099,49.45096132555137,0.2995116499841765,0.021928068829093525,0.005234751086383599,20.805892319865464
0.4,3.1000606307224294,0.7107304810600789,49.03509992459667,0.3976640777850326,0.037834019019383686,0.012164750872797062,17.500961867294166
0.4,0.0,0.8,50.0,0.0,0.0,0.0,31.249999999999996
0.4,-0.444351516573837,1.6302166377404765,60.67171135649446,0.0009999941195117557,4.999955340856907e-07,3.190241337365888e-09,31.24805795626013
0.4,0.3132639332250611,0.7996504051426162,49.93642298344726,0.1009443714047455,0.002565286490878891,0.00020051476219240478,28.2032594271879
0.4,0.6273677958434392,0.7975186207444455,49.72533936897719,0.2007502667437936,0.010014947517846777,0.0014775397781381346,23.137195227639328
0.4,0.8387362423492561,0.7490176179018351,49.33928970099972,0.3001382714078521,0.022044174656030122,0.00494446832249015,19.18743316195069
0.4,1.0624647065227184,0.6864263458431912,48.87117341569587,0.39891229344390317,0.038139747949429516,0.011624608244545757,16.257727590010454
0.5,2.0,0.8,50.0,0.0,0.0,0.0,31.249999999999996
0.5,-1.0892534607018551,1.3173117763555329,58.13976113945437,0.0009999940846432903,4.999955079344317e-07,3.2076755533897742e-09,31.2481766796805
0.5,2.3199062259228747,0.8017863466886765,49.966395690280436,0.10092899729757884,0.002564352968031062,0.00020814516141977877,29.14686813223616
0.5,2.5217016706338824,0.7666099168523363,49.720803831274154,0.2005271715817758,0.009987976676224222,0.00158574130068743,24.92693513121114
0.5,2.921960317623552,0.7782563356257812,49.48533967477017,0.2995116499841765,0.021928068829093525,0.005234751086383599,20.805892319865464
0.5,3.1000606307224294,0.7107304810600789,49.03509992459667,0.3976640777850326,0.037834019019383686,0.012164750872797062,17.500961867294166
0.5,3.3081781293137023,0.6327871540970514,48.51040663885939,0.49484994618581185,0.05697433674572953,0.023256387225209278,14.97654069325914
0.5,0.0,0.8,50.0,0.0,0.0,0.0,31.249999999999996
0.5,-2.0524864832667866,1.5440595360917226,60.56488714488971,0.0009999941195117557,4.999955340856907e-07,3.190241337365888e-09,31.24805795626013
0.5,0.31781311745080376,0.800874571131587,49.94318005306961,0.1009443714047455,0.002565286490878891,0.00020051476219240478,28.2032594271879
0.5,0.52787514325248,0.7676629513464115,49.674616420261444,0.2007502667437936,0.010014947517846777,0.0014775397781381346,23.137195227639328
0.5,0.8844459273601993,0.7650521438715042,49.3589919342644,0.3001382714078521,0.022044174656030122,0.00494446832249015,19.18743316195069
0.5,1.0624647065227184,0.6864263458431912,48.87117341569587,0.39891229344390317,0.038139747949429516,0.011624608244545757,16.257727590010454
0.5,1.249819108465973,0.5912155731339827,48.29715375388578,0.496707597356425,0.05753714438278991,0.022531851433338315,14.02930141411969
0.6,2.0,0.8,50.0,0.0,0.0,0.0,31.249999999999996
0.6,-2.667801063879314,1.691707966126801,57.45772487869577,0.0009999940846432903,4.999955079344317e-07,3.2076755533897742e-09,31.2481766796805
0.6,2.318972582143351,0.8012177557049304,49.965709983264226,0.10092899729757884,0.002564352968031062,0.00020814516141977877,29.14686813223616
0.6,2.5782205283894055,0.7965657261059055,49.81836024824627,0.2005271715817758,0.009987976676224222,0.00158574130068743,24.92693513121114
0.6,2.8519285048687704,0.7614638612484304,49.460155844174274,0.2995116499841765,0.021928068829093525,0.005234751086383599,20.805892319865464
0.6,3.1195747902040263,0.7172554988132437,49.04187084498544,0.3976640777850326,0.037834019019383686,0.012164750872797062,17.500961867294166
0.6,3.3081781293137023,0.6327871540970514,48.51040663885939,0.49484994618581185,0.05697433674572953,0.023256387225209278,14.97654069325914
0.6,3.480336433882522,0.5223295766698776,47.88160917409466,0.5910192567346446,0.07846893227222625,0.0392359783665677,13.046590224028844
0.6,0.0,0.8,50.0,0.0,0.0,0.0,31.249999999999996
0.6,-3.672442596910928,1.6935238134293864,60.19292613156923,0.0009999941195117557,4.999955340856907e-07,3.190241337365888e-09,31.24805795626013
0.6,0.3186899934795344,0.7982043718080428,49.94419612511482,0.1009443714047455,0.002565286490878891,0.00020051476219240478,28.2032594271879
0.6,0.5627332699272541,0.7841719861603373,49.713860167812676,0.2007502667437936,0.010014947517846777,0.0014775397781381346,23.137195227639328
0.6,0.8257513843228231,0.7452155505490704,49.340769864833824,0.3001382714078521,0.022044174656030122,0.00494446832249015,19.18743316195069
0.6,1.0798581721681118,0.6931286872122174,48.87573877717625,0.39891229344390317,0.038139747949429516,0.011624608244545757,16.257727590010454
0.6,1.249819108465973,0.5912155731339827,48.29715375388578,0.496707597356425,0.05753714438278991,0.022531851433338315,14.02930141411969
0.6,1.398699356640686,0.45913016071385887,47.622300685667255,0.593475440674869,0.07933815048038194,0.038407377094717185,12.316298994170735
0.7000000000000001,2.0,0.8,50.0,0.0,0.0,0.0,31.249999999999996
0.7000000000000001,-4.335974269885817,1.3655668475229865,56.386133748747916,0.0009999940846432903,4.999955079344317e-07,3.2076755533897742e-09,31.2481766796805
0.7000000000000001,2.320540342194245,0.8017526331841749,49.96845142224602,0.10092899729757884,0.002564352968031062,0.00020814516141977877,29.14686813223616
0.7000000000000001,2.683903627433598,0.8136616419498348,49.89743858546904,0.2005271715817758,0.009987976676224222,0.00158574130068743,24.92693513121114
0.7000000000000001,2.8814864186210656,0.7702578835364394,49.47813950724629,0.2995116499841765,0.021928068829093525,0.005234751086383599,20.805892319865464
0.7000000000000001,3.1405221201464255,0.7232970233411294,49.04834431724656,0.3976640777850326,0.037834019019383686,0.012164750872797062,17.500961867294166
0.7000000000000001,3.3115880516169227,0.6340450124735209,48.5111192792222,0.49484994618581185,0.05697433674572953,0.023256387225209278,14.97654069325914
0.7000000000000001,3.480336433882522,0.5223295766698776,47.88160917409466,0.5910192567346446,0.07846893227222625,0.0392359783665677,13.046590224028844
0.7000000000000001,3.6157004063771754,0.3751104409640412,47.15317540859654,0.6861911372153185,0.1013243063156808,0.06065856056505228,11.546589687115565
0.7000000000000001,0.0,0.8,50.0,0.0,0.0,0.0,31.249999999999996
0.7000000000000001,-5.344613496266397,1.5586679626442277,59.55351844847398,0.0009999941195117557,4.999955340856907e-07,3.190241337365888e-09,31.24805795626013
0.7000000000000001,0.32063892026274676,0.7986505260361276,49.94623385241994,0.1009443714047455,0.002565286490878891,0.00020051476219240478,28.2032594271879
0.7000000000000001,0.6068331366591769,0.7890509362748698,49.74443988858228,0.2007502667437936,0.010014947517846777,0.0014775397781381346,23.137195227639328
0.7000000000000001,0.8263428957180345,0.7454381098716313,49.34106815595301,0.3001382714078521,0.022044174656030122,0.00494446832249015,19.18743316195069
0.7000000000000001,1.1046745838071068,0.7024505756450639,48.8813866901828,0.39891229344390317,0.038139747949429516,0.011624608244545757,16.257727590010454
0.7000000000000001,1.2520326725405422,0.5921685148397613,48.297455577023506,0.496707597356425,0.05753714438278991,0.022531851433338315,14.02930141411969
0.7000000000000001,1.398699356640686,0.45913016071385887,47.622300685667255,0.593475440674869,0.07933815048038194,0.038407377094717185,12.316298994170735
0.7000000000000001,1.509233879668039,0.2861386789259508,46.85124713257282,0.6892387724518386,0.10252857198525638,0.05981693404002264,10.973796351057015
0.8,2.0,0.8,50.0,0.0,0.0,0.0,31.249999999999996
0.8,-6.053616191819821,0.9848857138308285,54.63801432703079,0.0009999940846432903,4.999955079344317e-07,3.2076755533897742e-09,31.2481766796805
0.8,2.3212635043978587,0.8023039440728518,49.97224420355847,0.10092899729757884,0.002564352968031062,0.00020814516141977877,29.14686813223616
0.8,2.4394126867532018,0.7981744555584037,49.78383232479002,0.2005271715817758,0.009987976676224222,0.00158574130068743,24.92693513121114
0.8,2.9351175579744204,0.7955515626969153,49.5076990909055,0.2995116499841765,0.021928068829093525,0.005234751086383599,20.805892319865464
0.8,3.1540269746891605,0.7298283456891477,49.05155951897076,0.3976640777850326,0.037834019019383686,0.012164750872797062,17.500961867294166
0.8,3.3136512192573937,0.634822429877935,48.51153437450885,0.49484994618581185,0.05697433674572953,0.023256387225209278,14.97654069325914
0.8,3.4857776728602303,0.5250864183452487,47.88206314519026,0.5910192567346446,0.07846893227222625,0.0392359783665677,13.046590224028844
0.8,3.6157004063771754,0.3751104409640412,47.15317540859654,0.6861911372153185,0.1013243063156808,0.06065856056505228,11.546589687115565
0.8,3.7155166229128884,0.18680300834642616,46.32928675151174,0.7804246899733741,0.12446955864777817,0.08789659638123039,10.357051593710638
0.8,0.0,0.8,50.0,0.0,0.0,0.0,31.249999999999996
0.8,-7.062936292318925,1.3882816897823391,58.55373169933103,0.0009999941195117557,4.999955340856907e-07,3.190241337365888e-09,31.24805795626013
0.8,0.32205576556280335,0.7990000397834109,49.94822666595195,0.1009443714047455,0.002565286490878891,0.00020051476219240478,28.2032594271879
0.8,0.5010929945131882,0.7639174523286009,49.689614899461425,0.2007502667437936,0.010014947517846777,0.0014775397781381346,23.137195227639328
0.8,0.8537343791984111,0.7576708167242201,49.35650942226545,0.3001382714078521,0.022044174656030122,0.00494446832249015,19.18743316195069
0.8,1.0768108161576166,0.6926866789162655,48.87619914524002,0.39891229344390317,0.038139747949429516,0.011624608244545757,16.257727590010454
0.8,1.2588546632478859,0.5952798616233007,48.29832445956931,0.496707597356425,0.05753714438278991,0.022531851433338315,14.02930141411969
0.8,1.4025941009535285,0.4614159646416422,47.6223461806867,0.593475440674869,0.07933815048038194,0.038407377094717185,12.316298994170735
0.8,1.509233879668039,0.2861386789259508,46.85124713257282,0.6892387724518386,0.10252857198525638,0.05981693404002264,10.973796351057015
0.8,1.5836422670462453,0.0680883172465091,45.98821253783745,0.7840620034686635,0.1260152720764142,0.08713939145884461,9.899820394195718
0.9,-4.224500831249342,1.0048868306404914,57.92042405804852,0.0009999940846432903,4.999955079344317e-07,3.2076755533897742e-09,31.2481766796805
0.9,2.3200327008801565,0.8022757604716455,49.97147300990365,0.10092899729757884,0.002564352968031062,0.00020814516141977877,29.14686813223616
0.9,2.5472609171224563,0.8435672079002731,49.97700658371625,0.2005271715817758,0.009987976676224222,0.00158574130068743,24.92693513121114
0.9,2.964822176012608,0.8046783063784007,49.520639826627864,0.2995116499841765,0.021928068829093525,0.005234751086383599,20.805892319865464
0.9,3.1502984706956934,0.7172025524303557,49.05267866207783,0.3976640777850326,0.037834019019383686,0.012164750872797062,17.500961867294166
0.9,3.316930798266929,0.6359551071273536,48.512233702452704,0.49484994618581185,0.05697433674572953,0.023256387225209278,14.97654069325914
0.9,3.4920775733367693,0.5281887223056502,47.882547759218546,0.5910192567346446,0.07846893227222625,0.0392359783665677,13.046590224028844
0.9,3.618209617609426,0.3768305093341754,47.15308626829052,0.6861911372153185,0.1013243063156808,0.06065856056505228,11.546589687115565
0.9,3.7155166229128884,0.18680300834642616,46.32928675151174,0.7804246899733741,0.12446955864777817,0.08789659638123039,10.357051593710638
0.9,3.783090731678949,-0.04722806903193,45.41393708463004,0.873780019887755,0.1467922474951265,0.12113150364209982,9.39513764817523
0.9,-5.425656882656869,2.434603147605611,59.887147618243866,0.0009999941195117557,4.999955340856907e-07,3.190241337365888e-09,31.24805795626013
0.9,0.32141815212767777,0.7986317062451411,49.947835212576216,0.1009443714047455,0.002565286490878891,0.00020051476219240478,28.2032594271879
0.9,0.5448124412368914,0.7836107136994658,49.73552909376233,0.2007502667437936,0.010014947517846777,0.0014775397781381346,23.137195227639328
0.9,0.88920888218815,0.7699996444112343,49.37131724094564,0.3001382714078521,0.022044174656030122,0.00494446832249015,19.18743316195069
0.9,1.0832277908595065,0.6950662908400397,48.87781953173686,0.39891229344390317,0.038139747949429516,0.011624608244545757,16.257727590010454
0.9,1.2660128307074703,0.5987749783954431,48.29915442856631,0.496707597356425,0.05753714438278991,0.022531851433338315,14.02930141411969
0.9,1.4065499885075299,0.463667704908236,47.62238142395587,0.593475440674869,0.07933815048038194,0.038407377094717185,12.316298994170735
0.9,1.5113279595427116,0.2879042321360754,46.850981601606954,0.6892387724518386,0.10252857198525638,0.05981693404002264,10.973796351057015
0.9,1.5836422670462453,0.0680883172465091,45.98821253783745,0.7840620034686635,0.1260152720764142,0.08713939145884461,9.899820394195718
0.9,1.6262021956288124,-0.1995074942929882,45.03715101624468,0.8780105569930792,0.14866300033384106,0.12055810545522139,9.024139155914478
1.0,2.3193559591951023,0.804531528674868,49.98242992018087,0.10092899729757884,0.002564352968031062,0.00020814516141977877,29.14686813223616
1.0,2.819089437786855,0.9630552001312961,50.21553908161875,0.2005271715817758,0.009987976676224222,0.00158574130068743,24.92693513121114
1.0,2.982970352152504,0.8022454751332948,49.52828761982993,0.2995116499841765,0.021928068829093525,0.005234751086383599,20.805892319865464
1.0,3.1539607716764277,0.7222390289289898,49.053050683102846,0.3976640777850326,0.037834019019383686,0.012164750872797062,17.500961867294166
1.0,3.3192381618985483,0.6368585649460989,48.5127208737471,0.49484994618581185,0.05697433674572953,0.023256387225209278,14.97654069325914
1.0,3.4990356388350716,0.5320799910453189,47.88294347516304,0.5910192567346446,0.07846893227222625,0.0392359783665677,13.046590224028844
1.0,3.6205870001351332,0.378409188113162,47.15300292712826,0.6861911372153185,0.1013243063156808,0.06065856056505228,11.546589687115565
1.0,3.7169539487876073,0.18846401050276354,46.32896818460804,0.7804246899733741,0.12446955864777817,0.08789659638123039,10.357051593710638
1.0,3.783090731678949,-0.04722806903193,45.41393708463004,0.873780019887755,0.1467922474951265,0.12113150364209982,9.39513764817523
1.0,3.823902236568596,-0.33196338482078847,44.41109453047182,0.9662745150677334,0.16717409934483038,0.160346424485027,8.603631703768372
1.0,0.32341443978818685,0.7991959139818595,49.949895842316955,0.1009443714047455,0.002565286490878891,0.00020051476219240478,28.2032594271879
1.0,0.5551878810102264,0.7881877310459138,49.745168995385114,0.2007502667437936,0.010014947517846777,0.0014775397781381346,23.137195227639328
1.0,0.8402298121912993,0.7462047579514188,49.35567413881124,0.3001382714078521,0.022044174656030122,0.00494446832249015,19.18743316195069
1.0,1.1023957713928447,0.7022172289847878,48.8826842572076,0.39891229344390317,0.038139747949429516,0.011624608244545757,16.257727590010454
1.0,1.2718859382192707,0.6014921901333568,48.29983157550427,0.496707597356425,0.05753714438278991,0.022531851433338315,14.02930141411969
1.0,1.4103978639329793,0.46603742569390283,47.622364133603284,0.593475440674869,0.07933815048038194,0.038407377094717185,12.316298994170735
1.0,1.5134785258717087,0.2896582926312684,46.850714955864355,0.6892387724518386,0.10252857198525638,0.05981693404002264,10.973796351057015
1.0,1.584638601475863,0.06961482763400313,45.987827616509556,0.7840620034686635,0.1260152720764142,0.08713939145884461,9.899820394195718
1.0,1.6262021956288124,-0.1995074942929882,45.03715101624468,0.8780105569930792,0.14866300033384106,0.12055810545522139,9.024139155914478
1.0,1.6433697380815555,-0.5214767413059772,44.001953282300846,0.9711054898336081,0.16933104546051975,0.16005342706222625,8.298158636500187
1.1,2.3979691775098764,0.833385314287346,50.145460809971794,0.2005271715817758,0.009987976676224222,0.00158574130068743,24.92693513121114
1.1,2.946647307283399,0.7828681436872559,49.51848076161994,0.2995116499841765,0.021928068829093525,0.005234751086383599,20.805892319865464
1.1,3.1381582153328935,0.7255189095576121,49.0476986870606,0.3976640777850326,0.037834019019383686,0.012164750872797062,17.500961867294166
1.1,3.3236562492932196,0.6389701908152012,48.513630890239526,0.49484994618581185,0.05697433674572953,0.023256387225209278,14.97654069325914
1.1,3.5068758833898914,0.5361492717492857,47.88339236482441,0.5910192567346446,0.07846893227222625,0.0392359783665677,13.046590224028844
1.1,3.6225674987540732,0.3798151202435817,47.15291046085764,0.6861911372153185,0.1013243063156808,0.06065856056505228,11.546589687115565
1.1,3.7184779693549768,0.19016361758857192,46.328640556278174,0.7804246899733741,0.12446955864777817,0.08789659638123039,10.357051593710638
1.1,3.7835555440408366,-0.04589425684183989,45.41357729361233,0.873780019887755,0.1467922474951265,0.12113150364209982,9.39513764817523
1.1,3.823902236568596,-0.33196338482078847,44.41109453047182,0.9662745150677334,0.16717409934483038,0.160346424485027,8.603631703768372
1.1,3.845858932202313,-0.6724945887279209,43.324855193357315,1.057840295824755,0.18452703058453895,0.20532080291642701,7.9425503915962175
1.1,0.6077380672719637,0.7805865119638317,49.784445838439595,0.2007502667437936,0.010014947517846777,0.0014775397781381346,23.137195227639328
1.1,0.8420752606468306,0.7469840312077651,49.356624551234525,0.3001382714078521,0.022044174656030122,0.00494446832249015,19.18743316195069
1.1,1.127724580099937,0.7123036043163035,48.88830666158012,0.39891229344390317,0.038139747949429516,0.011624608244545757,16.257727590010454
1.1,1.2751554926250173,0.6029972235543459,48.300199133137376,0.496707597356425,0.05753714438278991,0.022531851433338315,14.02930141411969
1.1,1.4144519636108437,0.4685257397243626,47.62233693550119,0.593475440674869,0.07933815048038194,0.038407377094717185,12.316298994170735
1.1,1.515495508934822,0.2914556564015831,46.850422948468804,0.6892387724518386,0.10252857198525638,0.05981693404002264,10.973796351057015
1.1,1.5856849879635828,0.07114034716093481,45.9874415127874,0.7840620034686635,0.1260152720764142,0.08713939145884461,9.899820394195718
1.1,1.6263844435523045,-0.19831225163201005,45.03678229187631,0.8780105569930792,0.14866300033384106,0.12055810545522139,9.024139155914478
1.1,1.6433697380815555,-0.5214767413059772,44.001953282300846,0.9711054898336081,0.16933104546051975,0.16005342706222625,8.298158636500187
1.1,1.644047975277148,-0.9027124243369926,42.88662596205876,1.0632793538924132,0.18691023082600092,0.20539696016296838,7.687759668381474
1.2,2.920006613045489,0.7987993790217487,49.50570281612281,0.2995116499841765,0.021928068829093525,0.005234751086383599,20.805892319865464
1.2,3.1522205005353214,0.726632799751435,49.052402435356036,0.3976640777850326,0.037834019019383686,0.012164750872797062,17.500961867294166
1.2,3.3259635535425742,0.640046038086725,48.51412613739199,0.49484994618581185,0.05697433674572953,0.023256387225209278,14.97654069325914
1.2,3.498576288415522,0.5301750901322551,47.88335646395504,0.5910192567346446,0.07846893227222625,0.0392359783665677,13.046590224028844
1.2,3.6253361394392902,0.3818603135068093,47.15276204788773,0.6861911372153185,0.1013243063156808,0.06065856056505228,11.546589687115565
1.2,3.7198982504412235,0.19192639501165495,46.328286822218104,0.7804246899733741,0.12446955864777817,0.08789659638123039,10.357051593710638
1.2,3.784059229872657,-0.0445693345628982,45.41321948466361,0.873780019887755,0.1467922474951265,0.12113150364209982,9.39513764817523
1.2,3.823750393645629,-0.33100618900505213,44.4107913845618,0.9662745150677334,0.16717409934483038,0.160346424485027,8.603631703768372
1.2,3.845858932202313,-0.6724945887279209,43.324855193357315,1.057840295824755,0.18452703058453895,0.20532080291642701,7.9425503915962175
1.2,3.8596250503608918,-1.0734463175855549,42.15951906310751,1.1482893509743917,0.19782970833680613,0.2556296848625544,7.383425261082881
1.2,0.8479729600567191,0.7496575902673411,49.360023852624536,0.3001382714078521,0.022044174656030122,0.00494446832249015,19.18743316195069
1.2,1.0943514639900833,0.6987076166510787,48.88246742200023,0.39891229344390317,0.038139747949429516,0.011624608244545757,16.257727590010454
1.2,1.2834562100161768,0.6072489945230195,48.3010614303568,0.496707597356425,0.05753714438278991,0.022531851433338315,14.02930141411969
1.2,1.4182654275817053,0.4708796783984207,47.62229614572655,0.593475440674869,0.07933815048038194,0.038407377094717185,12.316298994170735
1.2,1.5174652476716408,0.2932052591340226,46.8501364888521,0.6892387724518386,0.10252857198525638,0.05981693404002264,10.973796351057015
1.2,1.5866428833525061,0.07271401629032519,45.98703648498433,0.7840620034686635,0.1260152720764142,0.08713939145884461,9.899820394195718
1.2,1.626600611661419,-0.1971188645524247,45.036413159735616,0.8780105569930792,0.14866300033384106,0.12055810545522139,9.024139155914478
1.2,1.643086802172713,-0.5206685320942758,44.00167685215974,0.9711054898336081,0.16933104546051975,0.16005342706222625,8.298158636500187
1.2,1.644047975277148,-0.9027124243369926,42.88662596205876,1.0632793538924132,0.18691023082600092,0.20539696016296838,7.687759668381474
1.2,1.6399269323697956,-1.3475383504482208,41.695375604637015,1.1543401125037134,0.2003605172238092,0.2561506670105848,7.168499693501138
1.3,3.1643777124578385,0.7445607986184991,49.05344261444726,0.3976640777850326,0.037834019019383686,0.012164750872797062,17.500961867294166
1.3,3.328714398995444,0.6412021419482158,48.51467754108859,0.49484994618581185,0.05697433674572953,0.023256387225209278,14.97654069325914
1.3,3.5046636010621395,0.5343356151150848,47.88356801705119,0.5910192567346446,0.07846893227222625,0.0392359783665677,13.046590224028844
1.3,3.627891287806473,0.38382281398206736,47.15260300710917,0.6861911372153185,0.1013243063156808,0.06065856056505228,11.546589687115565
1.3,3.7213123923846623,0.1936815440944699,46.32793236466357,0.7804246899733741,0.12446955864777817,0.08789659638123039,10.357051593710638
1.3,3.784491191324909,-0.04323458619435114,45.41285519312851,0.873780019887755,0.1467922474951265,0.12113150364209982,9.39513764817523
1.3,3.8236236781762565,-0.33004589893655223,44.41048682761335,0.9662745150677334,0.16717409934483038,0.160346424485027,8.603631703768372
1.3,3.8454322915120094,-0.6719091633419224,43.32464872888707,1.057840295824755,0.18452703058453895,0.20532080291642701,7.9425503915962175
1.3,3.8596250503608918,-1.0734463175855549,42.15951906310751,1.1482893509743917,0.19782970833680613,0.2556296848625544,7.383425261082881
1.3,3.878881385733754,-1.5380143333256737,40.91953049971648,1.2372929125615086,0.20616396823927066,0.31065232962840256,6.905504446777772
1.3,1.1123895717020351,0.7069579846904075,48.88703656047303,0.39891229344390317,0.038139747949429516,0.011624608244545757,16.257727590010454
1.3,1.2908975307746398,0.6109828702900726,48.30178918198972,0.496707597356425,0.05753714438278991,0.022531851433338315,14.02930141411969
1.3,1.421896027481282,0.47310923186164083,47.62224954945644,0.593475440674869,0.07933815048038194,0.038407377094717185,12.316298994170735
1.3,1.5193752657206596,0.29493533795032295,46.84984760379293,0.6892387724518386,0.10252857198525638,0.05981693404002264,10.973796351057015
1.3,1.587592760829751,0.07428537039301597,45.98663038506238,0.7840620034686635,0.1260152720764142,0.08713939145884461,9.899820394195718
1.3,1.6267624843771302,-0.19592538279608882,45.03604255134173,0.8780105569930792,0.14866300033384106,0.12055810545522139,9.024139155914478
1.3,1.642822071904083,-0.5198552925591508,44.00139798807228,0.9711054898336081,0.16933104546051975,0.16005342706222625,8.298158636500187
1.3,1.6435833009013743,-0.9022237592543638,42.88644509667345,1.0632793538924132,0.18691023082600092,0.20539696016296838,7.687759668381474
1.3,1.6399269323697956,-1.3475383504482208,41.695375604637015,1.1543401125037134,0.2003605172238092,0.2561506670105848,7.168499693501138
1.3,1.6457394017285591,-1.8586796077484573,40.43253984446563,1.2439499733229662,0.2087485047228755,0.3116756911510567,6.722427383954935
1.4000000000000001,3.3315852564383013,0.642549143887368,48.51524982790044,0.49484994618581185,0.05697433674572953,0.023256387225209278,14.97654069325914
1.4000000000000001,3.5115604973417742,0.5388433473955251,47.883802525077755,0.5910192567346446,0.07846893227222625,0.0392359783665677,13.046590224028844
1.4000000000000001,3.630177395460969,0.3856055243455898,47.15245095112022,0.6861911372153185,0.1013243063156808,0.06065856056505228,11.546589687115565
1.4000000000000001,3.7227105677969274,0.1954614941154149,46.327568063336656,0.7804246899733741,0.12446955864777817,0.08789659638123039,10.357051593710638
1.4000000000000001,3.784914795279064,-0.041914969000951346,45.41249414376199,0.873780019887755,0.1467922474951265,0.12113150364209982,9.39513764817523
1.4000000000000001,3.823464814427592,-0.32909534341885793,44.41018436575395,0.9662745150677334,0.16717409934483038,0.160346424485027,8.603631703768372
1.4000000000000001,3.8450159320232355,-0.6713175625539962,43.32443977447298,1.057840295824755,0.18452703058453895,0.20532080291642701,7.9425503915962175
1.4000000000000001,3.85910686240401,-1.0731220281504978,42.159389519251064,1.1482893509743917,0.19782970833680613,0.2556296848625544,7.383425261082881
1.4000000000000001,3.878881385733754,-1.5380143333256737,40.91953049971648,1.2372929125615086,0.20616396823927066,0.31065232962840256,6.905504446777772
1.4000000000000001,3.9203150660644166,-2.06665302144878,39.60925274839999,1.3243804708433167,0.20874908747553123,0.3695948454291855,6.49323196202409
1.4000000000000001,1.2998378396549954,0.6155826621360339,48.3025793890062,0.496707597356425,0.05753714438278991,0.022531851433338315,14.02930141411969
1.4000000000000001,1.4251681236919553,0.4751118765858904,47.622200536681696,0.593475440674869,0.07933815048038194,0.038407377094717185,12.316298994170735
1.4000000000000001,1.5212447959067077,0.2966564002700945,46.84955542046615,0.6892387724518386,0.10252857198525638,0.05981693404002264,10.973796351057015
1.4000000000000001,1.5885238558238184,0.07586385670671059,45.98622005660206,0.7840620034686635,0.1260152720764142,0.08713939145884461,9.899820394195718
1.4000000000000001,1.62692157112908,-0.19474179086064966,45.035674457819816,0.8780105569930792,0.14866300033384106,0.12055810545522139,9.024139155914478
1.4000000000000001,1.6425371719047683,-0.5190531704871958,44.00112270912259,0.9711054898336081,0.16933104546051975,0.16005342706222625,8.298158636500187
1.4000000000000001,1.643124261532175,-0.9017288643583691,42.88626147556431,1.0632793538924132,0.18691023082600092,0.20539696016296838,7.687759668381474
1.4000000000000001,1.6393923889897106,-1.3472641400237442,41.69526215577639,1.1543401125037134,0.2003605172238092,0.2561506670105848,7.168499693501138
1.4000000000000001,1.6457394017285591,-1.8586796077484573,40.43253984446563,1.2439499733229662,0.2087485047228755,0.3116756911510567,6.722427383954935
1.4000000000000001,1.679216724957674,-2.43587926027679,39.102338549023465,1.3316247891557926,0.211282720482951,0.37115588150768103,6.335958982897207
1.5,3.5197422919479853,0.5440863491906716,47.88403096912827,0.5910192567346446,0.07846893227222625,0.0392359783665677,13.046590224028844
1.5,3.632075179917737,0.38709815224308725,47.152319773386424,0.6861911372153185,0.1013243063156808,0.06065856056505228,11.546589687115565
1.5,3.7241091221284113,0.19728859106652233,46.327189171738034,0.7804246899733741,0.12446955864777817,0.08789659638123039,10.357051593710638
1.5,3.7853234114381986,-0.04061002368756936,45.4121359685443,0.873780019887755,0.1467922474951265,0.12113150364209982,9.39513764817523
1.5,3.8233080565768485,-0.3281508294964642,44.40988354734783,0.9662745150677334,0.16717409934483038,0.160346424485027,8.603631703768372
1.5,3.844589477612536,-0.6707366786275468,43.324234280423276,1.057840295824755,0.18452703058453895,0.20532080291642701,7.9425503915962175
1.5,3.8585899477224195,-1.072792201295737,42.15925760448844,1.1482893509743917,0.19782970833680613,0.2556296848625544,7.383425261082881
1.5,3.878318008383834,-1.537875236028173,40.91945656500317,1.2372929125615086,0.20616396823927066,0.31065232962840256,6.905504446777772
1.5,3.9203150660644166,-2.06665302144878,39.60925274839999,1.3243804708433167,0.20874908747553123,0.3695948454291855,6.49323196202409
1.5,4.00340257512733,-2.65549036373447,38.232638003972696,1.4089608905839903,0.20497062170533883,0.4315295864756305,6.135935585355299
1.5,1.4288239618900906,0.4774309750643159,47.62211949681741,0.593475440674869,0.07933815048038194,0.038407377094717185,12.316298994170735
1.5,1.5230477373433073,0.29834147802633876,46.84926497435511,0.6892387724518386,0.10252857198525638,0.05981693404002264,10.973796351057015
1.5,1.5894406358254123,0.07745039865902054,45.98580542635664,0.7840620034686635,0.1260152720764142,0.08713939145884461,9.899820394195718
1.5,1.6270735065690867,-0.19356730276714965,45.03530857250643,0.8780105569930792,0.14866300033384106,0.12055810545522139,9.024139155914478
1.5,1.6422564865762468,-0.5182556344158065,44.000848807359965,0.9711054898336081,0.16933104546051975,0.16005342706222625,8.298158636500187
1.5,1.6426582674652783,-0.9012429263420805,42.886081153465035,1.0632793538924132,0.18691023082600092,0.20539696016296838,7.687759668381474
1.5,1.6388569194437665,-1.3469849256715243,41.69514637959246,1.1543401125037134,0.2003605172238092,0.2561506670105848,7.168499693501138
1.5,1.645157723881511,-1.8585705525450684,40.43247788418707,1.2439499733229662,0.2087485047228755,0.3116756911510567,6.722427383954935
1.5,1.679216724957674,-2.43587926027679,39.102338549023465,1.3316247891557926,0.211282720482951,0.37115588150768103,6.335958982897207
1.5,1.760828138441868,-3.074248404449955,37.70851613034698,1.416756550363882,0.20734321308828382,0.43363887377797994,5.999852234572022
1.6,3.634101119756925,0.3887634328786625,47.15216266982448,0.6861911372153185,0.1013243063156808,0.06065856056505228,11.546589687115565
1.6,3.7255057075298876,0.19915516377342138,46.326797321212574,0.7804246899733741,0.12446955864777817,0.08789659638123039,10.357051593710638
1.6,3.785718908976605,-0.039322929562431524,45.411781697264196,0.873780019887755,0.1467922474951265,0.12113150364209982,9.39513764817523
1.6,3.8231504693957032,-0.32721188127402423,44.40958416515956,0.9662745150677334,0.16717409934483038,0.160346424485027,8.603631703768372
1.6,3.8441676073255637,-0.67015773525006,43.32402940613738,1.057840295824755,0.18452703058453895,0.20532080291642701,7.9425503915962175
1.6,3.858068819205329,-1.072470433636746,42.15912860835984,1.1482893509743917,0.19782970833680613,0.2556296848625544,7.383425261082881
1.6,3.8777517853041554,-1.5377323344745422,40.91938074254781,1.2372929125615086,0.20616396823927066,0.31065232962840256,6.905504446777772
1.6,3.919723440377436,-2.06671684400233,39.609244339655376,1.3243804708433167,0.20874908747553123,0.3695948454291855,6.49323196202409
1.6,4.00340257512733,-2.65549036373447,38.232638003972696,1.4089608905839903,0.20497062170533883,0.4315295864756305,6.135935585355299
1.6,4.166958740090045,-3.2893187920633715,36.7949981022219,1.4903578899411667,0.19439716645485336,0.4954502986473733,5.83138334876002
1.6,1.5249562951685225,0.3002192151581246,46.84893136208973,0.6892387724518386,0.10252857198525638,0.05981693404002264,10.973796351057015
1.6,1.5903400127434302,0.07903553859449983,45.985389060069004,0.7840620034686635,0.1260152720764142,0.08713939145884461,9.899820394195718
1.6,1.6272198530702182,-0.1924023821053424,45.03494508406265,0.8780105569930792,0.14866300033384106,0.12055810545522139,9.024139155914478
1.6,1.641977985686497,-0.5174627943186508,44.00057632046369,0.9711054898336081,0.16933104546051975,0.16005342706222625,8.298158636500187
1.6,1.6421958775842158,-0.9007577444932274,42.88590103594123,1.0632793538924132,0.18691023082600092,0.20539696016296838,7.687759668381474
1.6,1.6383179544069821,-1.3467129080453875,41.69503347884171,1.1543401125037134,0.2003605172238092,0.2561506670105848,7.168499693501138
1.6,1.6445722806187029,-1.8584582080439864,40.4324141336692,1.2439499733229662,0.2087485047228755,0.3116756911510567,6.722427383954935
1.6,1.6786064573919042,-2.4359599734464483,39.10233978303891,1.3316247891557926,0.211282720482951,0.37115588150768103,6.335958982897207
1.6,1.760828138441868,-3.074248404449955,37.70851613034698,1.416756550363882,0.20734321308828382,0.43363887377797994,5.999852234572022
1.6,1.9314114681156778,-3.756843225112221,36.25607911871047,1.4986507205974848,0.19649847067362733,0.49809354621162916,5.712258724430084
1.7,3.7269396489651347,0.2012144495603905,46.326354976477674,0.7804246899733741,0.12446955864777817,0.08789659638123039,10.357051593710638
1.7,3.786099452078703,-0.038061367561860966,45.41143351696184,0.873780019887755,0.1467922474951265,0.12113150364209982,9.39513764817523
1.7,3.8229924548521326,-0.3262777880431612,44.409286009390335,0.9662745150677334,0.16717409934483038,0.160346424485027,8.603631703768372
1.7,3.843749107312849,-0.6695811704358356,43.32382528832408,1.057840295824755,0.18452703058453895,0.20532080291642701,7.9425503915962175
1.7,3.8575503345123225,-1.072147703130257,42.15899925986088,1.1482893509743917,0.19782970833680613,0.2556296848625544,7.383425261082881
1.7,3.8771824656803573,-1.5375985270048498,40.919308477274214,1.2372929125615086,0.20616396823927066,0.31065232962840256,6.905504446777772
1.7,3.919127899624324,-2.066779416460431,39.60923490098856,1.3243804708433167,0.20874908747553123,0.3695948454291855,6.49323196202409
1.7,4.002659325352417,-2.655767779684274,38.2326757540606,1.4089608905839903,0.20497062170533883,0.4315295864756305,6.135935585355299
1.7,4.166958740090045,-3.2893187920633715,36.7949981022219,1.4903578899411667,0.19439716645485336,0.4954502986473733,5.83138334876002
1.7,4.490872550319406,-3.923411802707221,35.30032153121515,1.5678606588323596,0.1767860378624327,0.560335529994101,5.5228008615400235
1.7,1.5912385721951288,0.08075320177945179,45.98493337808751,0.7840620034686635,0.1260152720764142,0.08713939145884461,9.899820394195718
1.7,1.6273603807008932,-0.1912511904100039,45.03458531592704,0.8780105569930792,0.14866300033384106,0.12055810545522139,9.024139155914478
1.7,1.6417019026589106,-0.5166743194418486,44.00030513961033,0.9711054898336081,0.16933104546051975,0.16005342706222625,8.298158636500187
1.7,1.6417362217307807,-0.9002737332125924,42.885721280586864,1.0632793538924132,0.18691023082600092,0.20539696016296838,7.687759668381474
1.7,1.6377806601218832,-1.346439941740805,41.69492018290837,1.1543401125037134,0.2003605172238092,0.2561506670105848,7.168499693501138
1.7,1.6439844591945616,-1.8583541137991941,40.43235389596267,1.2439499733229662,0.2087485047228755,0.3116756911510567,6.722427383954935
1.7,1.6779918307107904,-2.436039778727312,39.1023400722782,1.3316247891557926,0.211282720482951,0.37115588150768103,6.335958982897207
1.7,1.7600625339818048,-3.0745436087833093,37.70856494870564,1.416756550363882,0.20734321308828382,0.43363887377797994,5.999852234572022
1.7,1.9314114681156778,-3.756843225112221,36.25607911871047,1.4986507205974848,0.19649847067362733,0.49809354621162916,5.712258724430084
1.7,2.274741281861356,-4.435491464186812,34.74815348320464,1.5765792285870892,0.17851081773397784,0.5634758832761265,5.414178099289421
1.8,3.7864545177447844,-0.036722503044659516,45.411061532501236,0.873780019887755,0.1467922474951265,0.12113150364209982,9.39513764817523
1.8,3.82283430642105,-0.32535029758622996,44.40898964376717,0.9662745150677334,0.16717409934483038,0.160346424485027,8.603631703768372
1.8,3.8433342508113673,-0.6690067321494131,43.32362184579082,1.057840295824755,0.18452703058453895,0.20532080291642701,7.9425503915962175
1.8,3.857033784279904,-1.0718245981141314,42.158869767506715,1.1482893509743917,0.19782970833680613,0.2556296848625544,7.383425261082881
1.8,3.8766132182793163,-1.5374639115606898,40.91923587581773,1.2372929125615086,0.20616396823927066,0.31065232962840256,6.905504446777772
1.8,3.9185339955793896,-2.066846310113164,39.609227483894564,1.3243804708433167,0.20874908747553123,0.3695948454291855,6.49323196202409
1.8,4.0019083714741805,-2.6560474065937374,38.232713159266716,1.4089608905839903,0.20497062170533883,0.4315295864756305,6.135935585355299
1.8,4.16583300088953,-3.2900954148501707,36.7950836114282,1.4903578899411667,0.19439716645485336,0.4954502986473733,5.83138334876002
1.8,4.490872550319406,-3.923411802707221,35.30032153121515,1.5678606588323596,0.1767860378624327,0.560335529994101,5.5228008615400235
1.8,5.078360269576861,-4.468869408031408,33.74073342077556,1.6407908066074128,0.15208150082989286,0.6252128151016281,5.106998054986011
1.8,1.6274694091407407,-0.19004472874216397,45.03420722988595,0.8780105569930792,0.14866300033384106,0.12055810545522139,9.024139155914478
1.8,1.641428331254758,-0.5158913569448724,44.00003566384041,0.9711054898336081,0.16933104546051975,0.16005342706222625,8.298158636500187
1.8,1.6412794781547801,-0.8997906665862138,42.885541803654725,1.0632793538924132,0.18691023082600092,0.20539696016296838,7.687759668381474
1.8,1.6372445330442478,-1.3461665322349652,41.694806693242946,1.1543401125037134,0.2003605172238092,0.2561506670105848,7.168499693501138
1.8,1.6433965336349314,-1.8582492479517123,40.43229331516394,1.2439499733229662,0.2087485047228755,0.3116756911510567,6.722427383954935
1.8,1.6773788673992895,-2.4361236282751344,39.10234239110807,1.3316247891557926,0.211282720482951,0.37115588150768103,6.335958982897207
1.8,1.7592893133956615,-3.0748411451352506,37.70861349886292,1.416756550363882,0.20734321308828382,0.43363887377797994,5.999852234572022
1.8,1.9302746927896086,-3.7576491683399396,36.25618301182537,1.4986507205974848,0.19649847067362733,0.49809354621162916,5.712258724430084
1.8,2.274741281861356,-4.435491464186812,34.74815348320464,1.5765792285870892,0.17851081773397784,0.5634758832761265,5.414178099289421
1.8,2.89629399342534,-5.016535810249431,33.17504014444416,1.649850442583998,0.15333422567852364,0.6287953772389592,5.0070523710817625
1.9000000000000001,3.822645318513344,-0.3243937099911788,44.408683193064945,0.9662745150677334,0.16717409934483038,0.160346424485027,8.603631703768372
1.9000000000000001,3.8429231799990946,-0.6684350004971974,43.32341928319677,1.057840295824755,0.18452703058453895,0.20532080291642701,7.9425503915962175
1.9000000000000001,3.856519142969545,-1.0715010643763738,42.15874011115078,1.1482893509743917,0.19782970833680613,0.2556296848625544,7.383425261082881
1.9000000000000001,3.8760438927374845,-1.5373286444805032,40.91916299492537,1.2372929125615086,0.20616396823927066,0.31065232962840256,6.905504446777772
1.9000000000000001,3.9179411550491148,-2.066910312154239,39.60921897135225,1.3243804708433167,0.20874908747553123,0.3695948454291855,6.49323196202409
1.9000000000000001,4.001160895315021,-2.6563311894996007,38.23275308765713,1.4089608905839903,0.20497062170533883,0.4315295864756305,6.135935585355299
1.9000000000000001,4.164694350615052,-3.2908802841018585,36.79516855082352,1.4903578899411667,0.19439716645485336,0.4954502986473733,5.83138334876002
1.9000000000000001,4.490466250962848,-3.9253744814013607,35.30085491700633,1.5678606588323596,0.1767860378624327,0.560335529994101,5.5228008615400235
1.9000000000000001,5.078360269576861,-4.468869408031408,33.74073342077556,1.6407908066074128,0.15208150082989286,0.6252128151016281,5.106998054986011
1.9000000000000001,5.901547033757684,-4.865272570268809,32.10516977105606,1.7085890701250648,0.12041190400725348,0.6892178804271999,4.852655477396219
1.9000000000000001,1.6411299726085087,-0.5150898165808131,43.999759604553056,0.9711054898336081,0.16933104546051975,0.16005342706222625,8.298158636500187
1.9000000000000001,1.6408257802438313,-0.8993089308367551,42.88536275076198,1.0632793538924132,0.18691023082600092,0.20539696016296838,7.687759668381474
1.9000000000000001,1.6367095804059724,-1.3458926118182228,41.694692982812356,1.1543401125037134,0.2003605172238092,0.2561506670105848,7.168499693501138
1.9000000000000001,1.6428083814621388,-1.8581437680368778,40.43223245508076,1.2439499733229662,0.2087485047228755,0.3116756911510567,6.722427383954935
1.9000000000000001,1.6767668075758322,-2.436204725486638,39.102343585111036,1.3316247891557926,0.211282720482951,0.37115588150768103,6.335958982897207
1.9000000000000001,1.7585195071670348,-3.075142787931741,37.70866468101049,1.416756550363882,0.20734321308828382,0.43363887377797994,5.999852234572022
1.9000000000000001,1.9291257162842375,-3.7584631243443267,36.25628642477985,1.4986507205974848,0.19649847067362733,0.49809354621162916,5.712258724430084
1.9000000000000001,2.2748289365232424,-4.437427781899703,34.74890331376228,1.5765792285870892,0.17851081773397784,0.5634758832761265,5.414178099289421
1.9000000000000001,2.89629399342534,-5.016535810249431,33.17504014444416,1.649850442583998,0.15333422567852364,0.6287953772389592,5.0070523710817625
1.9000000000000001,3.7464048349377492,-5.447969753077126,31.526760342033533,1.7179023063225793,0.12111236075326944,0.6931762596666678,4.780989589397849
2.0,3.8424938063287084,-0.667854732504811,43.323213454767824,1.057840295824755,0.18452703058453895,0.20532080291642701,7.9425503915962175
2.0,3.8560064789419615,-1.0711773850477933,42.15861039885365,1.1482893509743917,0.19782970833680613,0.2556296848625544,7.383425261082881
2.0,3.8754745588832846,-1.537192478258224,40.91908973632563,1.2372929125615086,0.20616396823927066,0.31065232962840256,6.905504446777772
2.0,3.9173493180556758,-2.0669715918269222,39.60920943024949,1.3243804708433167,0.20874908747553123,0.3695948454291855,6.49323196202409
2.0,4.000412598719108,-2.656607863297766,38.23279008831959,1.4089608905839903,0.20497062170533883,0.4315295864756305,6.135935585355299
2.0,4.163566567266689,-3.2916942327468792,36.7952682926476,1.4903578899411667,0.19439716645485336,0.4954502986473733,5.83138334876002
2.0,4.490040002669249,-3.9273433350645583,35.301380179402216,1.5678606588323596,0.1767860378624327,0.560335529994101,5.5228008615400235
2.0,5.079850090862205,-4.468556947860629,33.741407525365446,1.6407908066074128,0.15208150082989286,0.6252128151016281,5.106998054986011
2.0,5.901547033757684,-4.865272570268809,32.10516977105606,1.7085890701250648,0.12041190400725348,0.6892178804271999,4.852655477396219
2.0,6.793856456109737,-5.1493640963905385,30.40221538323818,1.770851123921141,0.08205583838720357,0.7516394561678721,4.675938315558265
2.0,1.6403571191416373,-0.8988213068681157,42.88518147816238,1.0632793538924132,0.18691023082600092,0.20539696016296838,7.687759668381474
2.0,1.6361758893273315,-1.3456183839968472,41.69457913498019,1.1543401125037134,0.2003605172238092,0.2561506670105848,7.168499693501138
2.0,1.642220054124692,-1.8580374420150736,40.43217121568382,1.2439499733229662,0.2087485047228755,0.3116756911510567,6.722427383954935
2.0,1.6761556082184672,-2.4362832392345806,39.10234372734217,1.3316247891557926,0.211282720482951,0.37115588150768103,6.335958982897207
2.0,1.7577481951348521,-3.0754363766541437,37.70871220617992,1.416756550363882,0.20734321308828382,0.43363887377797994,5.999852234572022
2.0,1.9279892555703,-3.75931289437655,36.25640854747653,1.4986507205974848,0.19649847067362733,0.49809354621162916,5.712258724430084
2.0,2.27488872972873,-4.439370329791185,34.74964169082702,1.5765792285870892,0.17851081773397784,0.5634758832761265,5.414178099289421
2.0,2.897678659853202,-5.016278688048172,33.17568699378101,1.649850442583998,0.15333422567852364,0.6287953772389592,5.0070523710817625
2.0,3.7464048349377492,-5.447969753077126,31.526760342033533,1.7179023063225793,0.12111236075326944,0.6931762596666678,4.780989589397849
2.0,4.6674980506746415,-5.7619428884227215,29.812031858843138,1.7803261816285982,0.08213703171618758,0.7559020793212459,4.611308433699769
2.1,3.855481944353101,-1.0708512379167359,42.15847954087613,1.1482893509743917,0.19782970833680613,0.2556296848625544,7.383425261082881
2.1,3.8749053425939985,-1.5370554643573509,40.919016124334114,1.2372929125615086,0.20616396823927066,0.31065232962840256,6.905504446777772
2.1,3.9167584932016357,-2.0670295998590977,39.60919862524958,1.3243804708433167,0.20874908747553123,0.3695948454291855,6.49323196202409
2.1,3.9996636486107913,-2.656878380421767,38.232824597400345,1.4089608905839903,0.20497062170533883,0.4315295864756305,6.135935585355299
2.1,4.162445328403799,-3.292530261875777,36.79537898799376,1.4903578899411667,0.19439716645485336,0.4954502986473733,5.83138334876002
2.1,4.489717567104613,-3.9293402373285415,35.30195107078135,1.5678606588323596,0.1767860378624327,0.560335529994101,5.5228008615400235
2.1,5.081317683838527,-4.468273894946508,33.74207590326235,1.6407908066074128,0.15208150082989286,0.6252128151016281,5.106998054986011
2.1,5.901733852282101,-4.8659287281726336,32.10537712178278,1.7085890701250648,0.12041190400725348,0.6892178804271999,4.852655477396219
2.1,6.793856456109737,-5.1493640963905385,30.40221538323818,1.770851123921141,0.08205583838720357,0.7516394561678721,4.675938315558265
2.1,7.733986195822041,-5.29708817203259,28.632785466693317,1.827283634342317,0.0373778281988371,0.8119331795253577,4.514817887916958
2.1,1.6356316335362409,-1.3453424674223673,41.694464532971864,1.1543401125037134,0.2003605172238092,0.2561506670105848,7.168499693501138
2.1,1.641631652980479,-1.8579303356777763,40.43210962761396,1.2439499733229662,0.2087485047228755,0.3116756911510567,6.722427383954935
2.1,1.6755452567184037,-2.4363585193315687,39.10234251852362,1.3316247891557926,0.211282720482951,0.37115588150768103,6.335958982897207
2.1,1.7569756569680839,-3.0757230769737416,37.70875665273837,1.416756550363882,0.20734321308828382,0.43363887377797994,5.999852234572022
2.1,1.9268613346691899,-3.7601916601258285,36.25654548705241,1.4986507205974848,0.19649847067362733,0.49809354621162916,5.712258724430084
2.1,2.2750603734496884,-4.441303589580183,34.75041821362925,1.5765792285870892,0.17851081773397784,0.5634758832761265,5.414178099289421
2.1,2.899045341379534,-5.016049484559364,33.17633043858498,1.649850442583998,0.15333422567852364,0.6287953772389592,5.0070523710817625
2.1,3.7465476770126376,-5.448638115966423,31.526959451607645,1.7179023063225793,0.12111236075326944,0.6931762596666678,4.780989589397849
2.1,4.6674980506746415,-5.7619428884227215,29.812031858843138,1.7803261816285982,0.08213703171618758,0.7559020793212459,4.611308433699769
2.1,5.6401281989824,-5.931457814440144,28.03118574645492,1.8368309526233733,0.03678720586612156,0.8164286423699895,4.456442481977508
2.2,3.874326706881357,-1.536918692976805,40.91894229494807,1.2372929125615086,0.20616396823927066,0.31065232962840256,6.905504446777772
2.2,3.916168780136541,-2.067083925519246,39.609186385605,1.3243804708433167,0.20874908747553123,0.3695948454291855,6.49323196202409
2.2,3.9989139838453545,-2.657142965818833,38.23285670471303,1.4089608905839903,0.20497062170533883,0.4315295864756305,6.135935585355299
2.2,4.161330996904845,-3.2933895297391462,36.79550119046537,1.4903578899411667,0.19439716645485336,0.4954502986473733,5.83138334876002
2.2,4.489503188198111,-3.93135786848553,35.30256685259072,1.5678606588323596,0.1767860378624327,0.560335529994101,5.5228008615400235
2.2,5.082763044909492,-4.468048437981283,33.74274563159132,1.6407908066074128,0.15208150082989286,0.6252128151016281,5.106998054986011
2.2,5.9019420445594895,-4.866585494468398,32.105595470883195,1.7085890701250648,0.12041190400725348,0.6892178804271999,4.852655477396219
2.2,6.794047546454106,-5.150014996728747,30.4023712545524,1.770851123921141,0.08205583838720357,0.7516394561678721,4.675938315558265
2.2,7.733986195822041,-5.29708817203259,28.632785466693317,1.827283634342317,0.0373778281988371,0.8119331795253577,4.514817887916958
2.2,8.700018289272402,-5.283488457893751,26.798678753219868,1.8777375622542183,-0.013188986324422204,0.8697211567690224,4.368385378945268
2.2,1.6410345547359988,-1.8578237277215968,40.43204802675231,1.2439499733229662,0.2087485047228755,0.3116756911510567,6.722427383954935
2.2,1.6749358257434135,-2.436430057827864,39.10233972929529,1.3316247891557926,0.211282720482951,0.37115588150768103,6.335958982897207
2.2,1.7562019792999226,-3.076003499567113,37.70879831589427,1.416756550363882,0.20734321308828382,0.43363887377797994,5.999852234572022
2.2,1.925742394818579,-3.761100290900885,36.25669770890243,1.4986507205974848,0.19649847067362733,0.49809354621162916,5.712258724430084
2.2,2.275348852790184,-4.443218351907294,34.75123170610387,1.5765792285870892,0.17851081773397784,0.5634758832761265,5.414178099289421
2.2,2.900393001272534,-5.01587551856025,33.17697728468687,1.649850442583998,0.15333422567852364,0.6287953772389592,5.0070523710817625
2.2,3.746709343646693,-5.449308799944088,31.527168798894124,1.7179023063225793,0.12111236075326944,0.6931762596666678,4.780989589397849
2.2,4.66769457742936,-5.762603270293337,29.81220205458797,1.7803261816285982,0.08213703171618758,0.7559020793212459,4.611308433699769
2.2,5.6401281989824,-5.931457814440144,28.03118574645492,1.8368309526233733,0.03678720586612156,0.8164286423699895,4.456442481977508
2.2,6.640509593390924,-5.930823537143122,26.185915220079,1.8872743491109152,-0.014490004381309818,0.8743826467985159,4.315629293152893
2.3000000000000003,3.915573250114176,-2.0671364634039846,39.60917310622912,1.3243804708433167,0.20874908747553123,0.3695948454291855,6.49323196202409
2.3000000000000003,3.998163612597755,-2.6574018823850136,38.232886524558175,1.4089608905839903,0.20497062170533883,0.4315295864756305,6.135935585355299
2.3000000000000003,4.160223847818844,-3.2942730723875084,36.79563538035495,1.4903578899411667,0.19439716645485336,0.4954502986473733,5.83138334876002
2.3000000000000003,4.489409516071857,-3.9333877374499826,35.30322964625221,1.5678606588323596,0.1767860378624327,0.560335529994101,5.5228008615400235
2.3000000000000003,5.084185585057797,-4.467871436548065,33.743414338354896,1.6407908066074128,0.15208150082989286,0.6252128151016281,5.106998054986011
2.3000000000000003,5.902168522315108,-4.867240119784438,32.10582302881457,1.7085890701250648,0.12041190400725348,0.6892178804271999,4.852655477396219
2.3000000000000003,6.794240179514372,-5.1506684359167645,30.402527882525252,1.770851123921141,0.08205583838720357,0.7516394561678721,4.675938315558265
2.3000000000000003,7.734286456042017,-5.2977150892921285,28.63293896654766,1.827283634342317,0.0373778281988371,0.8119331795253577,4.514817887916958
2.3000000000000003,8.700018289272402,-5.283488457893751,26.798678753219868,1.8777375622542183,-0.013188986324422204,0.8697211567690224,4.368385378945268
2.3000000000000003,9.664052520970454,-5.0879288939009575,24.903994428246683,1.9221962187454857,-0.0691738733936415,0.9247777184759765,4.236014006630932
2.3000000000000003,1.6743207547328214,-2.4364996256475044,39.10233578917173,1.3316247891557926,0.211282720482951,0.37115588150768103,6.335958982897207
2.3000000000000003,1.7554272975039218,-3.076278275638637,37.70883750624449,1.416756550363882,0.20734321308828382,0.43363887377797994,5.999852234572022
2.3000000000000003,1.9246328421125078,-3.762039609272173,36.256865643106266,1.4986507205974848,0.19649847067362733,0.49809354621162916,5.712258724430084
2.3000000000000003,2.275759531375093,-4.445104051092908,34.75208071207204,1.5765792285870892,0.17851081773397784,0.5634758832761265,5.414178099289421
2.3000000000000003,2.901721369360241,-5.015746971296029,33.17762493741019,1.649850442583998,0.15333422567852364,0.6287953772389592,5.0070523710817625
2.3000000000000003,3.7468892593559797,-5.449978164823103,31.527387699947493,1.7179023063225793,0.12111236075326944,0.6931762596666678,4.780989589397849
2.3000000000000003,4.667892056203581,-5.763266273531026,29.812372735848818,1.7803261816285982,0.08213703171618758,0.7559020793212459,4.611308433699769
2.3000000000000003,5.640436909081248,-5.932090540825109,28.03135289079,1.8368309526233733,0.03678720586612156,0.8164286423699895,4.456442481977508
2.3000000000000003,6.640509593390924,-5.930823537143122,26.185915220079,1.8872743491109152,-0.014490004381309818,0.8743826467985159,4.315629293152893
2.3000000000000003,7.638768588771637,-5.739149233859798,24.280433653091162,1.9316488666613456,-0.0712114821588622,0.9295459266158286,4.188367680193745
2.4,3.997406885149505,-2.657658124003312,38.232914743339755,1.4089608905839903,0.20497062170533883,0.4315295864756305,6.135935585355299
2.4,4.159124291424629,-3.295182100326715,36.79578213326234,1.4903578899411667,0.19439716645485336,0.4954502986473733,5.83138334876002
2.4,4.489449153044346,-3.9354191243025634,35.30394083191396,1.5678606588323596,0.1767860378624327,0.560335529994101,5.5228008615400235
2.4,5.085585279992581,-4.467742887883074,33.74408214127775,1.6407908066074128,0.15208150082989286,0.6252128151016281,5.106998054986011
2.4,5.902411448032643,-4.867892657557113,32.10605883928489,1.7085890701250648,0.12041190400725348,0.6892178804271999,4.852655477396219
2.4,6.794436930142886,-5.1513203285624405,30.40268657097832,1.770851123921141,0.08205583838720357,0.7516394561678721,4.675938315558265
2.4,7.734587100366022,-5.298344842729865,28.633092370367955,1.827283634342317,0.0373778281988371,0.8119331795253577,4.514817887916958
2.4,8.700415523477036,-5.284070473640307,26.79882079726493,1.8777375622542183,-0.013188986324422204,0.8697211567690224,4.368385378945268
2.4,9.664052520970454,-5.0879288939009575,24.903994428246683,1.9221962187454857,-0.0691738733936415,0.9247777184759765,4.236014006630932
2.4,10.593859769566286,-4.695528773259781,22.95578310729678,1.9607535724985912,-0.13009486292700273,0.9770063394993276,4.117260858895893
2.4,1.754646276563093,-3.07655070622199,37.70887515799788,1.416756550363882,0.20734321308828382,0.43363887377797994,5.999852234572022
2.4,1.923533232208119,-3.7630105228808586,36.257049785152915,1.4986507205974848,0.19649847067362733,0.49809354621162916,5.712258724430084
2.4,2.2762960801433776,-4.44694942544907,34.75296286378884,1.5765792285870892,0.17851081773397784,0.5634758832761265,5.414178099289421
2.4,2.9030304871514674,-5.015663098845521,33.1782733316306,1.649850442583998,0.15333422567852364,0.6287953772389592,5.0070523710817625
2.4,3.747085033800332,-5.450646425522741,31.52761490900961,1.7179023063225793,0.12111236075326944,0.6931762596666678,4.780989589397849
2.4,4.668093135585803,-5.763927858654126,29.81254524955927,1.7803261816285982,0.08213703171618758,0.7559020793212459,4.611308433699769
2.4,5.64074595649873,-5.9327260239135216,28.031519932314,1.8368309526233733,0.03678720586612156,0.8164286423699895,4.456442481977508
2.4,6.640916048048202,-5.931408711645981,26.186069293520482,1.8872743491109152,-0.014490004381309818,0.8743826467985159,4.315629293152893
2.4,7.638768588771637,-5.739149233859798,24.280433653091162,1.9316488666613456,-0.0712114821588622,0.9295459266158286,4.188367680193745
2.4,8.600759742407337,-5.341774307782822,22.322136210247645,1.970058752000198,-0.13288484615330068,0.9818309724327513,4.0743188590783355
2.5,4.158028506845319,-3.29612406250275,36.79594375512556,1.4903578899411667,0.19439716645485336,0.4954502986473733,5.83138334876002
2.5,4.489633906855777,-3.9374388714051043,35.30470070702817,1.5678606588323596,0.1767860378624327,0.560335529994101,5.5228008615400235
2.5,5.086962161885233,-4.467662432484878,33.74474909085645,1.6407908066074128,0.15208150082989286,0.6252128151016281,5.106998054986011
2.5,5.902670028614045,-4.868542765755385,32.10630242615551,1.7085890701250648,0.12041190400725348,0.6892178804271999,4.852655477396219
2.5,6.794635541635502,-5.151971594529469,30.402846198926294,1.770851123921141,0.08205583838720357,0.7516394561678721,4.675938315558265
2.5,7.734889851943614,-5.298973397530235,28.633246891573933,1.827283634342317,0.0373778281988371,0.8119331795253577,4.514817887916958
2.5,8.700813442556985,-5.284655009932739,26.79896265600198,1.8777375622542183,-0.013188986324422204,0.8697211567690224,4.368385378945268
2.5,9.66452865571716,-5.088453231731784,24.90411605946203,1.9221962187454857,-0.0691738733936415,0.9247777184759765,4.236014006630932
2.5,10.593859769566286,-4.695528773259781,22.95578310729678,1.9607535724985912,-0.13009486292700273,0.9770063394993276,4.117260858895893
2.5,11.454822258580462,-4.098067683937078,20.964436203416987,1.9935892778236737,-0.19547884382183442,1.026413060603211,4.0117826745015925
2.5,1.9224405072628092,-3.764020248567495,36.25725264438263,1.4986507205974848,0.19649847067362733,0.49809354621162916,5.712258724430084
2.5,2.2769597649234607,-4.448743000487059,34.75387477988793,1.5765792285870892,0.17851081773397784,0.5634758832761265,5.414178099289421
2.5,2.9043204697828346,-5.015622836810723,33.1789223468215,1.649850442583998,0.15333422567852364,0.6287953772389592,5.0070523710817625
2.5,3.7472960497694485,-5.451313190833288,31.527850020514844,1.7179023063225793,0.12111236075326944,0.6931762596666678,4.780989589397849
2.5,4.66829557294087,-5.764588972268421,29.81271846216136,1.7803261816285982,0.08213703171618758,0.7559020793212459,4.611308433699769
2.5,5.641057029476215,-5.933360299609244,28.031688070297587,1.8368309526233733,0.03678720586612156,0.8164286423699895,4.456442481977508
2.5,6.641323169880248,-5.931996329783251,26.18622319093511,1.8872743491109152,-0.014490004381309818,0.8743826467985159,4.315629293152893
2.5,7.639253878581086,-5.739674949833708,24.280565368606755,1.9316488666613456,-0.0712114821588622,0.9295459266158286,4.188367680193745
2.5,8.600759742407337,-5.341774307782822,22.322136210247645,1.970058752000198,-0.13288484615330068,0.9818309724327513,4.0743188590783355
2.5,9.490146390973228,-4.731126793428207,20.32197358677547,2.002693979257807,-0.19902864049781746,1.0312532331641027,3.973223192560158
2.6,4.490027450842774,-3.939426573557074,35.30552701564124,1.5678606588323596,0.1767860378624327,0.560335529994101,5.5228008615400235
2.6,5.088316647404228,-4.467629138816511,33.745415281425764,1.6407908066074128,0.15208150082989286,0.6252128151016281,5.106998054986011
2.6,5.902943283139223,-4.869190262413782,32.10655324142474,1.7085890701250648,0.12041190400725348,0.6892178804271999,4.852655477396219
2.6,6.7948362021826645,-5.152622166551872,30.403006860836292,1.770851123921141,0.08205583838720357,0.7516394561678721,4.675938315558265
2.6,7.735192749876482,-5.299601927971718,28.633401489596928,1.827283634342317,0.0373778281988371,0.8119331795253577,4.514817887916958
2.6,8.701212908631524,-5.285238307966597,26.799105426093345,1.8777375622542183,-0.013188986324422204,0.8697211567690224,4.368385378945268
2.6,9.665005754875041,-5.088979726628149,24.904237450607987,1.9221962187454857,-0.0691738733936415,0.9247777184759765,4.236014006630932
2.6,10.594396213053038,-4.695988886784569,22.955876992391072,1.9607535724985912,-0.13009486292700273,0.9770063394993276,4.117260858895893
2.6,11.454822258580462,-4.098067683937078,20.964436203416987,1.9935892778236737,-0.19547884382183442,1.026413060603211,4.0117826745015925
2.6,12.211928186948143,-3.2943652312244662,18.943772395005013,2.0209443028744616,-0.2648755543130111,1.073080405894675,3.9192717519684694
2.6,2.2778111576271924,-4.450449223985279,34.754828049328076,1.5765792285870892,0.17851081773397784,0.5634758832761265,5.414178099289421
2.6,2.9055919357742823,-5.015624381968751,33.17957191739145,1.649850442583998,0.15333422567852364,0.6287953772389592,5.0070523710817625
2.6,3.74752151252359,-5.451978199347456,31.528092557099846,1.7179023063225793,0.12111236075326944,0.6931762596666678,4.780989589397849
2.6,4.6684995662015965,-5.765249541043663,29.812892474829443,1.7803261816285982,0.08213703171618758,0.7559020793212459,4.611308433699769
2.6,5.641368211173105,-5.933994557865584,28.031856266078098,1.8368309526233733,0.03678720586612156,0.8164286423699895,4.456442481977508
2.6,6.641731775276605,-5.9325827119736285,26.18637798579769,1.8872743491109152,-0.014490004381309818,0.8743826467985159,4.315629293152893
2.6,7.639740120190583,-5.740202754780678,24.28069685675908,1.9316488666613456,-0.0712114821588622,0.9295459266158286,4.188367680193745
2.6,8.601304859046872,-5.342234845666684,22.322237998544598,1.970058752000198,-0.13288484615330068,0.9818309724327513,4.0743188590783355
2.6,9.490146390973228,-4.731126793428207,20.32197358677547,2.002693979257807,-0.19902864049781746,1.0312532331641027,3.973223192560158
2.6,10.2705014068957,-3.9070297477124427,18.2945007252093,2.0298051593513486,-0.2691862139971872,1.07790425615654,3.884838447928886
2.7,5.089656364654093,-4.467615270953451,33.74607781465609,1.6407908066074128,0.15208150082989286,0.6252128151016281,5.106998054986011
2.7,5.903230538363017,-4.8698350179481995,32.106810906959346,1.7085890701250648,0.12041190400725348,0.6892178804271999,4.852655477396219
2.7,6.79503896905088,-5.153272024885662,30.40316858569297,1.770851123921141,0.08205583838720357,0.7516394561678721,4.675938315558265
2.7,7.735495887790099,-5.300230385248472,28.633556214027497,1.827283634342317,0.0373778281988371,0.8119331795253577,4.514817887916958
2.7,8.70161239807783,-5.285821607751246,26.799248205160684,1.8777375622542183,-0.013188986324422204,0.8697211567690224,4.368385378945268
2.7,9.665483972863306,-5.089505041272231,24.90435960838996,1.9221962187454857,-0.0691738733936415,0.9247777184759765,4.236014006630932
2.7,10.594933820614722,-4.696450792610702,22.955970587069967,1.9607535724985912,-0.13009486292700273,0.9770063394993276,4.117260858895893
2.7,11.455401876190251,-4.0984615699395235,20.964496710653172,1.9935892778236737,-0.19547884382183442,1.026413060603211,4.0117826745015925
2.7,12.211928186948143,-3.2943652312244662,18.943772395005013,2.0209443028744616,-0.2648755543130111,1.073080405894675,3.9192717519684694
2.7,12.831633739079857,-2.2902030720434756,16.910823813201137,2.043099535926526,-0.33786626072606224,1.117144257368305,3.839413679518231
2.7,2.9068496584242745,-5.0156448859742095,33.18021852607764,1.649850442583998,0.15333422567852364,0.6287953772389592,5.0070523710817625
2.7,3.747760825897023,-5.452641266502517,31.528342161974876,1.7179023063225793,0.12111236075326944,0.6931762596666678,4.780989589397849
2.7,4.668705187078146,-5.7659095391082,29.813067324440315,1.7803261816285982,0.08213703171618758,0.7559020793212459,4.611308433699769
2.7,5.641679587487629,-5.934628752073163,28.032024566154348,1.8368309526233733,0.03678720586612156,0.8164286423699895,4.456442481977508
2.7,6.6421403982122875,-5.933169091716285,26.18653278682156,1.8872743491109152,-0.014490004381309818,0.8743826467985159,4.315629293152893
2.7,7.640227418268653,-5.740729402507125,24.280829093264106,1.9316488666613456,-0.0712114821588622,0.9295459266158286,4.188367680193745
2.7,8.601851130517952,-5.342697114777425,22.322339511321676,1.970058752000198,-0.13288484615330068,0.9818309724327513,4.0743188590783355
2.7,9.490734069939647,-4.731520804573395,20.322039627022424,2.002693979257807,-0.19902864049781746,1.0312532331641027,3.973223192560158
2.7,10.2705014068957,-3.9070297477124427,18.2945007252093,2.0298051593513486,-0.2691862139971872,1.07790425615654,3.884838447928886
2.7,10.907237305942704,-2.8765373449848717,16.25760968854488,2.051681736176544,-0.3429341700516321,1.121928103238948,3.8089007538411863
2.8000000000000003,5.903514844763506,-4.870484458550488,32.10706778150389,1.7085890701250648,0.12041190400725348,0.6892178804271999,4.852655477396219
2.8000000000000003,6.795243712136765,-5.153921184268438,30.40333130576365,1.770851123921141,0.08205583838720357,0.7516394561678721,4.675938315558265
2.8000000000000003,7.735799261295188,-5.30085877435049,28.63371106252182,1.827283634342317,0.0373778281988371,0.8119331795253577,4.514817887916958
2.8000000000000003,8.702011968865717,-5.2864048661108205,26.799391027090426,1.8777375622542183,-0.013188986324422204,0.8697211567690224,4.368385378945268
2.8000000000000003,9.665962189126601,-5.090030354036361,24.90448176141828,1.9221962187454857,-0.0691738733936415,0.9247777184759765,4.236014006630932
2.8000000000000003,10.59547220453709,-4.6969116548707115,22.95606482456132,1.9607535724985912,-0.13009486292700273,0.9770063394993276,4.117260858895893
2.8000000000000003,11.455982785267002,-4.098856900372642,20.964556881773955,1.9935892778236737,-0.19547884382183442,1.026413060603211,4.0117826745015925
2.8000000000000003,12.212536246319912,-3.2946936637569535,18.94379552310976,2.0209443028744616,-0.2648755543130111,1.073080405894675,3.9192717519684694
2.8000000000000003,12.831633739079857,-2.2902030720434756,16.910823813201137,2.043099535926526,-0.33786626072606224,1.117144257368305,3.839413679518231
2.8000000000000003,13.28346392940885,-1.0978875984254508,14.88535911124255,2.0603584438169245,-0.4140681953204948,1.1587748245822076,3.77186495788299
2.8000000000000003,3.747998382574398,-5.453308236103257,31.52859151962173,1.7179023063225793,0.12111236075326944,0.6931762596666678,4.780989589397849
2.8000000000000003,4.6689123420318985,-5.76656897644705,29.813242960996078,1.7803261816285982,0.08213703171618758,0.7559020793212459,4.611308433699769
2.8000000000000003,5.641991151404691,-5.9352628885156715,28.03219296672308,1.8368309526233733,0.03678720586612156,0.8164286423699895,4.456442481977508
2.8000000000000003,6.6425490929903335,-5.933755427178741,26.186687626600673,1.8872743491109152,-0.014490004381309818,0.8743826467985159,4.315629293152893
2.8000000000000003,7.640714710885799,-5.741256044970865,24.280961323444537,1.9316488666613456,-0.0712114821588622,0.9295459266158286,4.188367680193745
2.8000000000000003,8.602398121347111,-5.34315838102812,22.322441643913166,1.970058752000198,-0.13288484615330068,0.9818309724327513,4.0743188590783355
2.8000000000000003,9.491323033807175,-4.731916204790652,20.322105347509176,2.002693979257807,-0.19902864049781746,1.0312532331641027,3.973223192560158
2.8000000000000003,10.271116951118412,-3.9073584179026253,18.29452686650459,2.0298051593513486,-0.2691862139971872,1.07790425615654,3.884838447928886
2.8000000000000003,10.907237305942704,-2.8765373449848717,16.25760968854488,2.051681736176544,-0.3429341700516321,1.121928103238948,3.8089007538411863
2.8000000000000003,11.36923916741917,-1.6534102960994927,14.23199115067642,2.0686344766825044,-0.41988652538453086,1.1635021146110702,3.745105779089493
2.9,6.795450231226622,-5.154572956608973,30.40349518981396,1.770851123921141,0.08205583838720357,0.7516394561678721,4.675938315558265
2.9,7.736102866063509,-5.301487083654979,28.633866032894876,1.827283634342317,0.0373778281988371,0.8119331795253577,4.514817887916958
2.9,8.70241160643378,-5.286988095065634,26.799533883228836,1.8777375622542183,-0.013188986324422204,0.8697211567690224,4.368385378945268
2.9,9.666440444996736,-5.090555624603788,24.904603937495963,1.9221962187454857,-0.0691738733936415,0.9247777184759765,4.236014006630932
2.9,10.596010571358295,-4.697372516001236,22.95615904972189,1.9607535724985912,-0.13009486292700273,0.9770063394993276,4.117260858895893
2.9,11.456564215455147,-4.099251357609797,20.964617589097035,1.9935892778236737,-0.19547884382183442,1.026413060603211,4.0117826745015925
2.9,12.213145665256775,-3.2950232223710563,18.943818273651907,2.0209443028744616,-0.2648755543130111,1.073080405894675,3.9192717519684694
2.9,12.832258140483308,-2.290468078202482,16.910807102201932,2.043099535926526,-0.33786626072606224,1.117144257368305,3.839413679518231
2.9,13.28346392940885,-1.0978875984254508,14.88535911124255,2.0603584438169245,-0.4140681953204948,1.1587748245822076,3.77186495788299
2.9,13.541280462461561,0.2644420325246356,12.889202855015938,2.0730339312401433,-0.49313583980885256,1.198161913695662,3.7162464843930647
2.9,4.669121361724783,-5.767230889950291,29.81341985294926,1.7803261816285982,0.08213703171618758,0.7559020793212459,4.611308433699769
2.9,5.642302901560528,-5.935896955100234,28.032361467055534,1.8368309526233733,0.03678720586612156,0.8164286423699895,4.456442481977508
2.9,6.642957845849152,-5.934341730069119,26.186842496743996,1.8872743491109152,-0.014490004381309818,0.8743826467985159,4.315629293152893
2.9,7.641202036329357,-5.741782643649723,24.281093573885205,1.9316488666613456,-0.0712114821588622,0.9295459266158286,4.188367680193745
2.9,8.602945092197638,-5.343619643891305,22.322543763091566,1.970058752000198,-0.13288484615330068,0.9818309724327513,4.0743188590783355
2.9,9.491912469888584,-4.7323107851088,20.322171576460757,2.002693979257807,-0.19902864049781746,1.0312532331641027,3.973223192560158
2.9,10.27173385062242,-3.9076881639730647,18.29455264719603,2.0298051593513486,-0.2691862139971872,1.07790425615654,3.884838447928886
2.9,10.907868712839116,-2.876802859163417,16.257593374312197,2.051681736176544,-0.3429341700516321,1.121928103238948,3.8089007538411863
2.9,11.36923916741917,-1.6534102960994927,14.23199115067642,2.0686344766825044,-0.41988652538453086,1.1635021146110702,3.745105779089493
2.9,11.630134075036171,-0.2573429202519333,12.240390714806495,2.0809823265649596,-0.49969570952739883,1.2028221500659788,3.693105663689173
3.0,7.73640876251127,-5.302117421576379,28.63402219389813,1.827283634342317,0.0373778281988371,0.8119331795253577,4.514817887916958
3.0,8.702811312927237,-5.287571280372055,26.799676776139883,1.8777375622542183,-0.013188986324422204,0.8697211567690224,4.368385378945268
3.0,9.666918729340608,-5.091080864753607,24.90472612893417,1.9221962187454857,-0.0691738733936415,0.9247777184759765,4.236014006630932
3.0,10.596548950185325,-4.69783334026292,22.95625328583196,1.9607535724985912,-0.13009486292700273,0.9770063394993276,4.117260858895893
3.0,11.457145618916789,-4.099645817775959,20.964678279492727,1.9935892778236737,-0.19547884382183442,1.026413060603211,4.0117826745015925
3.0,12.213755428061937,-3.2953520747929805,18.94384147144253,2.0209443028744616,-0.2648755543130111,1.073080405894675,3.9192717519684694
3.0,12.832883924112153,-2.2907339293291975,16.91078997430309,2.043099535926526,-0.33786626072606224,1.117144257368305,3.839413679518231
3.0,13.284095006558257,-1.0980913437249622,14.885301567583038,2.0603584438169245,-0.4140681953204948,1.1587748245822076,3.77186495788299
3.0,13.541280462461561,0.2644420325246356,12.889202855015938,2.0730339312401433,-0.49313583980885256,1.198161913695662,3.7162464843930647
3.0,13.584192202548069,1.7736646542423729,10.945420932196784,2.081439000227531,-0.5747600117764858,1.2355041550838846,3.672148239406583
3.0,5.642616920031496,-5.936532932967947,28.032531194406978,1.8368309526233733,0.03678720586612156,0.8164286423699895,4.456442481977508
3.0,6.643366659423681,-5.934927986604938,26.186997400020747,1.8872743491109152,-0.014490004381309818,0.8743826467985159,4.315629293152893
3.0,7.64168938446902,-5.742309209596131,24.281225837364484,1.9316488666613456,-0.0712114821588622,0.9295459266158286,4.188367680193745
3.0,8.603492069518538,-5.344080869955887,22.322645890794004,1.970058752000198,-0.13288484615330068,0.9818309724327513,4.0743188590783355
3.0,9.492501877130342,-4.73270536678137,20.322237787815396,2.002693979257807,-0.19902864049781746,1.0312532331641027,3.973223192560158
3.0,10.27235105399848,-3.9080172641512445,18.294578843128274,2.0298051593513486,-0.2691862139971872,1.07790425615654,3.884838447928886
3.0,10.908501499761714,-2.877069173169504,16.257576659587084,2.051681736176544,-0.3429341700516321,1.121928103238948,3.8089007538411863
3.0,11.369876861132173,-1.6536147566279134,14.231931364773137,2.0686344766825044,-0.41988652538453086,1.1635021146110702,3.745105779089493
3.0,11.630134075036171,-0.2573429202519333,12.240390714806495,2.0809823265649596,-0.49969570952739883,1.2028221500659788,3.693105663689173
3.0,11.669179780728959,1.286958017304008,10.306735224891236,2.089043161926988,-0.5820513884300954,1.2400919026168804,3.652516779559609
3.1,8.70321338178401,-5.2881560002926875,26.799820709021144,1.8777375622542183,-0.013188986324422204,0.8697211567690224,4.368385378945268
3.1,9.667397043504673,-5.091606061330894,24.904848339027538,1.9221962187454857,-0.0691738733936415,0.9247777184759765,4.236014006630932
3.1,10.597087333219802,-4.698294137983825,22.956347526419606,1.9607535724985912,-0.13009486292700273,0.9770063394993276,4.117260858895893
3.1,11.457727015855932,-4.100040250515719,20.964738972588805,1.9935892778236737,-0.19547884382183442,1.026413060603211,4.0117826745015925
3.1,12.214365159068654,-3.2956809351339196,18.94386464979065,2.0209443028744616,-0.2648755543130111,1.073080405894675,3.9192717519684694
3.1,12.833509936998519,-2.290999212894968,16.910773225490505,2.043099535926526,-0.33786626072606224,1.117144257368305,3.839413679518231
3.1,13.284727455981413,-1.0982956928967298,14.885243566556845,2.0603584438169245,-0.4140681953204948,1.1587748245822076,3.77186495788299
3.1,13.541910588333662,0.2642979214988182,12.889104872922205,2.0730339312401433,-0.49313583980885256,1.198161913695662,3.7162464843930647
3.1,13.584192202548069,1.7736646542423729,10.945420932196784,2.081439000227531,-0.5747600117764858,1.2355041550838846,3.672148239406583
3.1,13.39711946065999,3.4026070568311684,9.077441937939218,2.0858805467818033,-0.6586655239681194,1.2710016092775596,3.639140925479754
3.1,6.643777789140714,-5.935515683933571,26.187153367611295,1.8872743491109152,-0.014490004381309818,0.8743826467985159,4.315629293152893
3.1,7.642176756902323,-5.742835730095591,24.281358117249784,1.9316488666613456,-0.0712114821588622,0.9295459266158286,4.188367680193745
3.1,8.604039046378187,-5.344542068670753,22.322748021052373,1.970058752000198,-0.13288484615330068,0.9818309724327513,4.0743188590783355
3.1,9.493091273496912,-4.733099922143686,20.3223039997188,2.002693979257807,-0.19902864049781746,1.0312532331641027,3.973223192560158
3.1,10.272968224072068,-3.908346371013486,18.29460501930349,2.0298051593513486,-0.2691862139971872,1.07790425615654,3.884838447928886
3.1,10.909134484386438,-2.8773349816203093,16.257560288994856,2.051681736176544,-0.3429341700516321,1.121928103238948,3.8089007538411863
3.1,11.370515926865252,-1.6538197809829875,14.231871135891758,2.0686344766825044,-0.41988652538453086,1.1635021146110702,3.745105779089493
3.1,11.630770480328595,-0.25748772763559086,12.24028791609926,2.0809823265649596,-0.49969570952739883,1.2028221500659788,3.693105663689173
3.1,11.669179780728959,1.286958017304008,10.306735224891236,2.089043161926988,-0.5820513884300954,1.2400919026168804,3.652516779559609
3.1,11.471791104647545,2.9507615568401593,8.455202857704261,2.0931277185352606,-0.6666778941742519,1.2755156589875212,3.6229339709949926
3.2,9.667877668326048,-5.09213239921652,24.904971416863457,1.9221962187454857,-0.0691738733936415,0.9247777184759765,4.236014006630932
3.2,10.597625720740028,-4.698754897450289,22.956441775122336,1.9607535724985912,-0.13009486292700273,0.9770063394993276,4.117260858895893
3.2,11.458308400807065,-4.100434664671805,20.964799662819743,1.9935892778236737,-0.19547884382183442,1.026413060603211,4.0117826745015925
3.2,12.214974872449744,-3.2960097779686244,18.94388782556615,2.0209443028744616,-0.2648755543130111,1.073080405894675,3.9192717519684694
3.2,12.834135916206922,-2.2912645089106,16.91075645619454,2.043099535926526,-0.33786626072606224,1.117144257368305,3.839413679518231
3.2,13.285360066300141,-1.0984995718650228,14.885185901487105,2.0603584438169245,-0.4140681953204948,1.1587748245822076,3.77186495788299
3.2,13.542542054643713,0.2641534093987243,12.8890063886278,2.0730339312401433,-0.49313583980885256,1.198161913695662,3.7162464843930647
3.2,13.584815348752466,1.7735793939666185,10.945284175976147,2.081439000227531,-0.5747600117764858,1.2355041550838846,3.672148239406583
3.2,13.39711946065999,3.4026070568311684,9.077441937939218,2.0858805467818033,-0.6586655239681194,1.2710016092775596,3.639140925479754
3.2,12.971047434689286,5.12099215788708,7.308177499212939,2.0866555459122686,-0.7446079958094416,1.3048511417424846,3.616791228512191
3.2,7.642666384357794,-5.7433633239323285,24.28149128153033,1.9316488666613456,-0.0712114821588622,0.9295459266158286,4.188367680193745
3.2,8.604586023214466,-5.345003228712183,22.322850157521415,1.970058752000198,-0.13288484615330068,0.9818309724327513,4.0743188590783355
3.2,9.493680654231298,-4.733494459091289,20.32237020713054,2.002693979257807,-0.19902864049781746,1.0312532331641027,3.973223192560158
3.2,10.273585373196598,-3.9086754619796076,18.294631190999965,2.0298051593513486,-0.2691862139971872,1.07790425615654,3.884838447928886
3.2,10.909767434248462,-2.8776008013926506,16.257543897925338,2.051681736176544,-0.3429341700516321,1.121928103238948,3.8089007538411863
3.2,11.37115512938556,-1.6540243945220403,14.231811207149917,2.0686344766825044,-0.41988652538453086,1.1635021146110702,3.745105779089493
3.2,11.631408227539147,-0.25763290098654956,12.240184625953155,2.0809823265649596,-0.49969570952739883,1.2028221500659788,3.693105663689173
3.2,11.669808876957017,1.286872403827963,10.306591224991053,2.089043161926988,-0.5820513884300954,1.2400919026168804,3.652516779559609
3.2,11.471791104647545,2.9507615568401593,8.455202857704261,2.0931277185352606,-0.6666778941742519,1.2755156589875212,3.6229339709949926
3.2,11.029746028699734,4.702307186718457,6.709302152673675,2.093535905380063,-0.7533308430716422,1.3092938740078979,3.6039479584501857
3.3000000000000003,10.598166307947949,-4.6992165011641145,22.956536715475448,1.9607535724985912,-0.13009486292700273,0.9770063394993276,4.117260858895893
3.3000000000000003,11.458889773132741,-4.100829050067082,20.964860353997462,1.9935892778236737,-0.19547884382183442,1.026413060603211,4.0117826745015925
3.3000000000000003,12.215584564212463,-3.296338611008683,18.943910993742872,2.0209443028744616,-0.2648755543130111,1.073080405894675,3.9192717519684694
3.3000000000000003,12.8347618721603,-2.2915297955750207,16.910739681568522,2.043099535926526,-0.33786626072606224,1.117144257368305,3.839413679518231
3.3000000000000003,13.285992643013945,-1.09870346679963,14.885128215941927,2.0603584438169245,-0.4140681953204948,1.1587748245822076,3.77186495788299
3.3000000000000003,13.543173645329137,0.2640093138470615,12.888908225346084,2.0730339312401433,-0.49313583980885256,1.198161913695662,3.7162464843930647
3.3000000000000003,13.585439789977798,1.7734939024996625,10.945146866191767,2.081439000227531,-0.5747600117764858,1.2355041550838846,3.672148239406583
3.3000000000000003,13.397730777693118,3.402580744459983,9.07726916564654,2.0858805467818033,-0.6586655239681194,1.2710016092775596,3.639140925479754
3.3000000000000003,12.971047434689286,5.12099215788708,7.308177499212939,2.0866555459122686,-0.7446079958094416,1.3048511417424846,3.616791228512191
3.3000000000000003,12.303018258306762,6.8963622371098525,5.659193055843674,2.0840488621443187,-0.8323702302585952,1.3372440708119948,3.604678377256225
3.3000000000000003,8.605135142202599,-5.345465190437785,22.322952995391727,1.970058752000198,-0.13288484615330068,0.9818309724327513,4.0743188590783355
3.3000000000000003,9.494270018792255,-4.733888967817547,20.322436413831337,2.002693979257807,-0.19902864049781746,1.0312532331641027,3.973223192560158
3.3000000000000003,10.274202497938335,-3.9090045438140884,18.294657353722354,2.0298051593513486,-0.2691862139971872,1.07790425615654,3.884838447928886
3.3000000000000003,10.910400358342546,-2.8778666134873316,16.25752749989864,2.051681736176544,-0.3429341700516321,1.121928103238948,3.8089007538411863
3.3000000000000003,11.371794297453906,-1.654229022863055,14.231751258258981,2.0686344766825044,-0.41988652538453086,1.1635021146110702,3.745105779089493
3.3000000000000003,11.632046081494451,-0.25777771168244795,12.24008162245625,2.0809823265649596,-0.49969570952739883,1.2028221500659788,3.693105663689173
3.3000000000000003,11.670439271079285,1.2867865899044262,10.306446677201379,2.089043161926988,-0.5820513884300954,1.2400919026168804,3.652516779559609
3.3000000000000003,11.472408012060866,2.9507356005385597,8.45502062252325,2.0931277185352606,-0.6666778941742519,1.2755156589875212,3.6229339709949926
3.3000000000000003,11.029746028699734,4.702307186718457,6.709302152673675,2.093535905380063,-0.7533308430716422,1.3092938740078979,3.6039479584501857
3.3000000000000003,10.341126372178916,6.507764197135617,5.091012287456779,2.090554695913349,-0.8417933530361476,1.3416210655478236,3.5951636551262016
3.4,11.45947321094479,-4.101224062544264,20.964921563147243,1.9935892778236737,-0.19547884382183442,1.026413060603211,4.0117826745015925
3.4,12.216194233006188,-3.296667425639053,18.943934158167295,2.0209443028744616,-0.2648755543130111,1.073080405894675,3.9192717519684694
3.4,12.835387801700643,-2.291795079996773,16.910722896723815,2.043099535926526,-0.33786626072606224,1.117144257368305,3.839413679518231
3.4,13.286625194458727,-1.098907357843616,14.885070524546462,2.0603584438169245,-0.4140681953204948,1.1587748245822076,3.77186495788299
3.4,13.543805203499556,0.2638651998008606,12.88881004230429,2.0730339312401433,-0.49313583980885256,1.198161913695662,3.7162464843930647
3.4,13.586064339496085,1.7734088123551497,10.945009891052585,2.081439000227531,-0.5747600117764858,1.2355041550838846,3.672148239406583
3.4,13.398343336799114,3.402554345752537,9.077095781410364,2.0858805467818033,-0.6586655239681194,1.2710016092775596,3.639140925479754
3.4,12.971642870344589,5.121025651745579,7.307972339972327,2.0866555459122686,-0.7446079958094416,1.3048511417424846,3.616791228512191
3.4,12.303018258306762,6.8963622371098525,5.659193055843674,2.0840488621443187,-0.8323702302585952,1.3372440708119948,3.604678377256225
3.4,11.395916983319786,8.694949690424549,4.14996724962722,2.0783318701558287,-0.9217584369047714,1.3683658398986784,3.602410523838894
3.4,9.494861394684927,-4.7342840835723505,20.322503141236172,2.002693979257807,-0.19902864049781746,1.0312532331641027,3.973223192560158
3.4,10.274819596999759,-3.909333608271858,18.294683511239267,2.0298051593513486,-0.2691862139971872,1.07790425615654,3.884838447928886
3.4,10.911033253935987,-2.878132424120493,16.257511090538546,2.051681736176544,-0.3429341700516321,1.121928103238948,3.8089007538411863
3.4,11.37243343832884,-1.6544336487549183,14.231691302260309,2.0686344766825044,-0.41988652538453086,1.1635021146110702,3.745105779089493
3.4,11.632683902173163,-0.2579225396215,12.239978599858949,2.0809823265649596,-0.49969570952739883,1.2028221500659788,3.693105663689173
3.4,11.671069761668027,1.2867011302228823,10.306302433040523,2.089043161926988,-0.5820513884300954,1.2400919026168804,3.652516779559609
3.4,11.473026165373351,2.9507095853626235,8.454837774933665,2.0931277185352606,-0.6666778941742519,1.2755156589875212,3.6229339709949926
3.4,11.030346632249671,4.702342114427723,6.70908554936901,2.093535905380063,-0.7533308430716422,1.3092938740078979,3.6039479584501857
3.4,10.341126372178916,6.507764197135617,5.091012287456779,2.090554695913349,-0.8417933530361476,1.3416210655478236,3.5951636551262016
3.4,9.410052380284217,8.332130193319841,3.620022492746335,2.08445671665137,-0.9318721365626416,1.3726858239276551,3.596218007448853
3.5,12.216805831832602,-3.2969967075010085,18.943957673590333,2.0209443028744616,-0.2648755543130111,1.073080405894675,3.9192717519684694
3.5,12.836013702973034,-2.2920603550661984,16.9107061054345,2.043099535926526,-0.33786626072606224,1.117144257368305,3.839413679518231
3.5,13.287257717878687,-1.099111252049203,14.885012822132275,2.0603584438169245,-0.4140681953204948,1.1587748245822076,3.77186495788299
3.5,13.544436736518698,0.26372108680776,12.888711854839721,2.0730339312401433,-0.49313583980885256,1.198161913695662,3.7162464843930647
3.5,13.586688858007202,1.7733237018055854,10.944872897220023,2.081439000227531,-0.5747600117764858,1.2355041550838846,3.672148239406583
3.5,13.398955999955678,3.402528361863989,9.076922771311462,2.0858805467818033,-0.6586655239681194,1.2710016092775596,3.639140925479754
3.5,12.972239491722004,5.121059188210871,7.307766504523945,2.0866555459122686,-0.7446079958094416,1.3048511417424846,3.616791228512191
3.5,12.303594215855544,6.896456968818179,5.658959778249717,2.0840488621443187,-0.8323702302585952,1.3372440708119948,3.604678377256225
3.5,11.395916983319786,8.694949690424549,4.14996724962722,2.0783318701558287,-0.9217584369047714,1.3683658398986784,3.602410523838894
3.5,10.258106134191951,10.482480115882712,2.797264860812436,2.0697607998280616,-1.0125984838525193,1.3983979523406564,3.6096400623984297
3.5,10.275438578514871,-3.9096631380143054,18.29471001514838,2.0298051593513486,-0.2691862139971872,1.07790425615654,3.884838447928886
3.5,10.911666119199193,-2.878398226556949,16.25749467349739,2.051681736176544,-0.3429341700516321,1.121928103238948,3.8089007538411863
3.5,11.373072549561863,-1.6546382784464295,14.231631334453471,2.0686344766825044,-0.41988652538453086,1.1635021146110702,3.745105779089493
3.5,11.63332169617637,-0.2580673675780155,12.239875572049995,2.0809823265649596,-0.49969570952739883,1.2028221500659788,3.693105663689173
3.5,11.671700220458192,1.2866156514319034,10.30615817116878,2.089043161926988,-0.5820513884300954,1.2400919026168804,3.652516779559609
3.5,11.473644416335674,2.9506839447765207,8.454655274847244,2.0931277185352606,-0.6666778941742519,1.2755156589875212,3.6229339709949926
3.5,11.030948425826649,4.7023771104595395,6.708868262719968,2.093535905380063,-0.7533308430716422,1.3092938740078979,3.6039479584501857
3.5,10.341706979697406,6.507861790927108,5.090765826355123,2.090554695913349,-0.8417933530361476,1.3416210655478236,3.5951636551262016
3.5,9.410052380284217,8.332130193319841,3.620022492746335,2.08445671665137,-0.9318721365626416,1.3726858239276551,3.596218007448853
3.5,8.246268385929422,10.1400555135201,2.3130946473690788,2.0754983037751336,-1.0233936465735773,1.402673308323268,3.6067965566761857
3.6,12.836641408822343,-2.2923259719935416,16.91068950915713,2.043099535926526,-0.33786626072606224,1.117144257368305,3.839413679518231
3.6,13.28789021110584,-1.0993151436707054,14.884955112343102,2.0603584438169245,-0.4140681953204948,1.1587748245822076,3.77186495788299
3.6,13.545068241765978,0.26357696741727127,12.888613657110133,2.0730339312401433,-0.49313583980885256,1.198161913695662,3.7162464843930647
3.6,13.587313352577057,1.7732385913899713,10.944735901894171,2.081439000227531,-0.5747600117764858,1.2355041550838846,3.672148239406583
3.6,13.399568633711631,3.402502355782002,9.07674974352614,2.0858805467818033,-0.6586655239681194,1.2710016092775596,3.639140925479754
3.6,12.972836218411382,5.121093170609263,7.307561103732116,2.0866555459122686,-0.7446079958094416,1.3048511417424846,3.616791228512191
3.6,12.304171301818746,6.896551865355045,5.658725756508418,2.0840488621443187,-0.8323702302585952,1.3372440708119948,3.604678377256225
3.6,11.396470025115136,8.695107473382269,4.149710567063415,2.0783318701558287,-0.9217584369047714,1.3683658398986784,3.602410523838894
3.6,10.258106134191951,10.482480115882712,2.797264860812436,2.0697607998280616,-1.0125984838525193,1.3983979523406564,3.6096400623984297
3.6,8.90295778016436,12.224900353976635,1.6146367344549846,2.0585727467618704,-1.1047322913387871,1.4275235821951857,3.6260773758960627
3.6,10.912300749462354,-2.8786643819274587,16.257478439530644,2.051681736176544,-0.3429341700516321,1.121928103238948,3.8089007538411863
3.6,11.373711628993188,-1.6548429065658155,14.231571358323508,2.0686344766825044,-0.41988652538453086,1.1635021146110702,3.745105779089493
3.6,11.63395946108439,-0.25821220230070985,12.239772533591216,2.0809823265649596,-0.49969570952739883,1.2028221500659788,3.693105663689173
3.6,11.672330654042408,1.2865301720565825,10.306013907528035,2.089043161926988,-0.5820513884300954,1.2400919026168804,3.652516779559609
3.6,11.474262636994775,2.9506582832157586,8.454472758317205,2.0931277185352606,-0.6666778941742519,1.2755156589875212,3.6229339709949926
3.6,11.031550323531334,4.70241251832421,6.708651388633828,2.093535905380063,-0.7533308430716422,1.3092938740078979,3.6039479584501857
3.6,10.34228871993761,6.507959575373012,5.090518607219579,2.090554695913349,-0.8417933530361476,1.3416210655478236,3.5951636551262016
3.6,9.410609422466315,8.332292596223219,3.6197511201102177,2.08445671665137,-0.9318721365626416,1.3726858239276551,3.596218007448853
3.6,8.246268385929422,10.1400555135201,2.3130946473690788,2.0754983037751336,-1.0233936465735773,1.402673308323268,3.6067965566761857
3.6,6.864629596906488,11.896587259186198,1.1835613558385245,2.0639145611693572,-1.1162003829837184,1.4317720492711312,3.6266482831599522
3.689,12.836641408822343,-2.2923259719935416,16.91068950915713,2.043099535926526,-0.33786626072606224,1.117144257368305,3.839413679518231
3.689,13.28789021110584,-1.0993151436707054,14.884955112343102,2.0603584438169245,-0.4140681953204948,1.1587748245822076,3.77186495788299
3.689,13.545068241765978,0.26357696741727127,12.888613657110133,2.0730339312401433,-0.49313583980885256,1.198161913695662,3.7162464843930647
3.689,13.587313352577057,1.7732385913899713,10.944735901894171,2.081439000227531,-0.5747600117764858,1.2355041550838846,3.672148239406583
3.689,13.399568633711631,3.402502355782002,9.07674974352614,2.0858805467818033,-0.6586655239681194,1.2710016092775596,3.639140925479754
3.689,12.972836218411382,5.121093170609263,7.307561103732116,2.0866555459122686,-0.7446079958094416,1.3048511417424846,3.616791228512191
3.689,12.304171301818746,6.896551865355045,5.658725756508418,2.0840488621443187,-0.8323702302585952,1.3372440708119948,3.604678377256225
3.689,11.396470025115136,8.695107473382269,4.149710567063415,2.0783318701558287,-0.9217584369047714,1.3683658398986784,3.602410523838894
3.689,10.258106134191951,10.482480115882712,2.797264860812436,2.0697607998280616,-1.0125984838525193,1.3983979523406564,3.6096400623984297
3.689,8.90295778016436,12.224900353976635,1.6146367344549846,2.0585727467618704,-1.1047322913387871,1.4275235821951857,3.6260773758960627
3.689,10.912300749462354,-2.8786643819274587,16.257478439530644,2.051681736176544,-0.3429341700516321,1.121928103238948,3.8089007538411863
3.689,11.373711628993188,-1.6548429065658155,14.231571358323508,2.0686344766825044,-0.41988652538453086,1.1635021146110702,3.745105779089493
3.689,11.63395946108439,-0.25821220230070985,12.239772533591216,2.0809823265649596,-0.49969570952739883,1.2028221500659788,3.693105663689173
3.689,11.672330654042408,1.2865301720565825,10.306013907528035,2.089043161926988,-0.5820513884300954,1.2400919026168804,3.652516779559609
3.689,11.474262636994775,2.9506582832157586,8.454472758317205,2.0931277185352606,-0.6666778941742519,1.2755156589875212,3.6229339709949926
3.689,11.031550323531334,4.70241251832421,6.708651388633828,2.093535905380063,-0.7533308430716422,1.3092938740078979,3.6039479584501857
3.689,10.34228871993761,6.507959575373012,5.090518607219579,2.090554695913349,-0.8417933530361476,1.3416210655478236,3.5951636551262016
3.689,9.410609422466315,8.332292596223219,3.6197511201102177,2.08445671665137,-0.9318721365626416,1.3726858239276551,3.596218007448853
3.689,8.246268385929422,10.1400555135201,2.3130946473690788,2.0754983037751336,-1.0233936465735773,1.402673308323268,3.6067965566761857
3.689,6.864629596906488,11.896587259186198,1.1835613558385245,2.0639145611693572,-1.1162003829837184,1.4317720492711312,3.6266482831599522
